"Hour","MW"
1,2072
2,2994
3,683
4,816
5,2775
6,574
7,822
8,2004
9,1433
10,2032
11,1509
12,658
13,867
14,747
15,2750
16,851
17,2915
18,591
19,539
20,1578
21,1638
22,1707
23,1299
24,2645
25,650
26,1295
27,1354
28,1131
29,1073
30,2535
31,2858
32,2424
33,1834
34,1928
35,636
36,597
37,2382
38,1915
39,2212
40,2268
41,1106
42,2433
43,2644
44,2475
45,1908
46,1567
47,747
48,2906
49,804
50,2522
51,859
52,1404
53,529
54,2802
55,2084
56,1200
57,1569
58,1887
59,2869
60,1532
61,2729
62,2337
63,564
64,896
65,507
66,678
67,1151
68,752
69,1071
70,1025
71,630
72,1898
73,1160
74,2141
75,2908
76,1517
77,744
78,1802
79,2739
80,2671
81,503
82,1335
83,2412
84,1182
85,2559
86,2467
87,1736
88,1102
89,2980
90,1498
91,2599
92,1589
93,1095
94,2343
95,1917
96,1768
97,2448
98,1950
99,2910
100,2708
101,1983
102,1482
103,2554
104,1723
105,1296
106,2067
107,867
108,1536
109,1409
110,2948
111,2223
112,1854
113,1739
114,2315
115,2814
116,1389
117,1151
118,2759
119,2694
120,1875
121,1492
122,1241
123,872
124,2031
125,803
126,2056
127,2562
128,1273
129,1714
130,560
131,568
132,1182
133,1895
134,2666
135,1528
136,1739
137,2573
138,646
139,1773
140,762
141,1099
142,965
143,1281
144,1064
145,1935
146,2361
147,2062
148,2113
149,2694
150,1935
151,2710
152,523
153,2388
154,2588
155,1425
156,2558
157,2358
158,2085
159,2957
160,711
161,741
162,1871
163,2351
164,1620
165,1421
166,2755
167,1499
168,2795
169,2079
170,605
171,559
172,2393
173,1640
174,2119
175,922
176,2899
177,1264
178,2696
179,2299
180,1805
181,2446
182,1206
183,2596
184,1728
185,800
186,1873
187,1453
188,675
189,1415
190,1346
191,2295
192,2763
193,981
194,2916
195,2359
196,2376
197,550
198,1051
199,2723
200,2560
201,1607
202,2119
203,1851
204,2630
205,644
206,1174
207,2570
208,1225
209,2150
210,1630
211,1444
212,1873
213,1841
214,1608
215,755
216,2311
217,2199
218,1222
219,939
220,1531
221,2260
222,2503
223,840
224,929
225,2238
226,2931
227,1626
228,1940
229,2152
230,2409
231,2725
232,2410
233,963
234,557
235,2160
236,531
237,2464
238,964
239,2713
240,1536
241,2079
242,896
243,1203
244,2498
245,1441
246,2028
247,1130
248,2815
249,2174
250,1703
251,1044
252,2678
253,1170
254,2112
255,1051
256,2475
257,971
258,2949
259,560
260,1405
261,2548
262,2492
263,1428
264,1235
265,1827
266,2680
267,1894
268,2957
269,1530
270,609
271,2243
272,1284
273,939
274,1032
275,1365
276,2346
277,1932
278,650
279,635
280,1229
281,2929
282,1784
283,755
284,1109
285,1736
286,731
287,1615
288,1504
289,2244
290,2705
291,1287
292,2073
293,2881
294,567
295,687
296,1046
297,2421
298,717
299,1109
300,2097
301,2949
302,1173
303,2372
304,1851
305,1582
306,1033
307,1010
308,2161
309,1787
310,2489
311,1263
312,1156
313,1716
314,2908
315,2865
316,2708
317,1640
318,2815
319,1400
320,2290
321,1027
322,2712
323,1138
324,1481
325,2997
326,2487
327,1965
328,1129
329,2130
330,2368
331,2680
332,2158
333,2107
334,2208
335,1110
336,515
337,1220
338,540
339,2325
340,1659
341,597
342,824
343,1428
344,1299
345,1655
346,2801
347,2615
348,1268
349,789
350,2546
351,2078
352,618
353,1171
354,1213
355,881
356,1011
357,2381
358,1841
359,910
360,1559
361,2521
362,2498
363,2979
364,2870
365,703
366,932
367,1430
368,1711
369,2679
370,2835
371,1932
372,1384
373,1496
374,2243
375,2871
376,1724
377,2776
378,1791
379,2134
380,977
381,1279
382,2358
383,1681
384,1580
385,722
386,1362
387,1170
388,2800
389,685
390,2721
391,1974
392,664
393,843
394,1791
395,1087
396,1291
397,2521
398,1051
399,2605
400,2564
401,2109
402,2983
403,2927
404,979
405,1171
406,728
407,1046
408,1524
409,509
410,810
411,514
412,1232
413,860
414,2610
415,1533
416,1725
417,831
418,2765
419,1722
420,744
421,851
422,2223
423,2960
424,2813
425,1940
426,1922
427,947
428,806
429,2669
430,550
431,860
432,2953
433,2581
434,2089
435,1183
436,1588
437,1554
438,576
439,546
440,2704
441,780
442,2751
443,2991
444,1038
445,1696
446,2023
447,583
448,1092
449,2373
450,1112
451,2860
452,1071
453,728
454,862
455,2485
456,1652
457,1008
458,1808
459,2118
460,1179
461,2116
462,2303
463,2558
464,2619
465,1279
466,1320
467,1126
468,1480
469,1332
470,2185
471,1520
472,2974
473,1302
474,1429
475,742
476,2337
477,2875
478,1976
479,1804
480,1908
481,1229
482,2313
483,2384
484,2190
485,1113
486,2496
487,2230
488,1618
489,1015
490,1057
491,2365
492,518
493,2781
494,838
495,1933
496,2454
497,1921
498,2043
499,531
500,2866
501,925
502,1049
503,1951
504,1757
505,2269
506,2232
507,2597
508,2487
509,2104
510,1916
511,1595
512,595
513,2565
514,1561
515,2873
516,1810
517,1387
518,2474
519,1151
520,2924
521,745
522,1501
523,1360
524,2769
525,631
526,1168
527,1832
528,2130
529,1834
530,2560
531,2815
532,2242
533,1179
534,2878
535,1390
536,1318
537,2011
538,2704
539,624
540,2110
541,1730
542,2649
543,2806
544,2092
545,966
546,2864
547,1806
548,2484
549,1643
550,1886
551,2977
552,2076
553,2738
554,970
555,1972
556,2399
557,1395
558,1199
559,2104
560,2710
561,970
562,2083
563,1225
564,2914
565,2844
566,1805
567,1134
568,1506
569,2717
570,2983
571,1106
572,1206
573,2308
574,602
575,1576
576,1445
577,1799
578,1981
579,2852
580,1261
581,1077
582,1400
583,803
584,1062
585,1414
586,1210
587,637
588,2090
589,1944
590,785
591,1122
592,1142
593,2684
594,1148
595,992
596,1816
597,770
598,1177
599,2665
600,1818
601,909
602,2324
603,597
604,1336
605,996
606,2659
607,1989
608,746
609,1036
610,2253
611,1541
612,1836
613,2785
614,2863
615,2996
616,1305
617,556
618,1977
619,2663
620,1158
621,1671
622,556
623,535
624,1809
625,1074
626,2185
627,2723
628,2140
629,1579
630,2346
631,2183
632,648
633,1649
634,2026
635,1694
636,1077
637,2242
638,1259
639,1258
640,2170
641,1965
642,1902
643,1218
644,1182
645,2203
646,2026
647,1514
648,1529
649,789
650,2620
651,2306
652,965
653,1897
654,608
655,1660
656,2788
657,2535
658,757
659,1810
660,2729
661,614
662,2149
663,2079
664,2606
665,668
666,2915
667,1679
668,1315
669,2839
670,1621
671,1594
672,2842
673,2034
674,2814
675,2045
676,721
677,1297
678,2327
679,1510
680,2518
681,2883
682,2376
683,1228
684,863
685,1858
686,2239
687,1910
688,2263
689,946
690,766
691,539
692,1546
693,2286
694,1936
695,1962
696,2047
697,1935
698,1800
699,1191
700,1511
701,2079
702,1824
703,612
704,2768
705,2315
706,1165
707,2061
708,2052
709,2606
710,2225
711,1237
712,2618
713,2401
714,529
715,2239
716,2627
717,2556
718,592
719,1874
720,1079
721,1687
722,1127
723,1822
724,2301
725,1613
726,981
727,2223
728,839
729,1014
730,890
731,2219
732,2495
733,664
734,2777
735,2623
736,1628
737,1392
738,909
739,2588
740,2660
741,1769
742,876
743,2097
744,1221
745,2505
746,1810
747,1955
748,514
749,2505
750,1670
751,976
752,2172
753,2670
754,1643
755,604
756,938
757,1433
758,2935
759,1958
760,1963
761,1508
762,1304
763,1897
764,1598
765,809
766,2935
767,1299
768,1168
769,1052
770,2029
771,2100
772,672
773,2205
774,561
775,2670
776,2074
777,2563
778,905
779,620
780,2657
781,2223
782,1638
783,2948
784,2898
785,2130
786,714
787,530
788,1987
789,962
790,1365
791,2892
792,620
793,2567
794,2968
795,875
796,2169
797,524
798,2099
799,1084
800,2621
801,2430
802,1155
803,605
804,1784
805,908
806,1492
807,2250
808,2586
809,2298
810,1775
811,1252
812,2847
813,2213
814,1069
815,835
816,1578
817,1388
818,578
819,2989
820,583
821,832
822,1133
823,1807
824,2889
825,2344
826,2320
827,2657
828,2350
829,915
830,1256
831,1206
832,1252
833,1724
834,2368
835,1956
836,542
837,686
838,2955
839,2337
840,1785
841,1000
842,1010
843,1610
844,1486
845,2675
846,2827
847,957
848,2026
849,2429
850,769
851,2913
852,884
853,1137
854,2737
855,2994
856,1103
857,2060
858,2645
859,2501
860,1597
861,2218
862,1113
863,888
864,2762
865,1860
866,699
867,560
868,2382
869,2908
870,2610
871,807
872,1108
873,2981
874,1843
875,2254
876,2537
877,1230
878,2016
879,856
880,1424
881,953
882,1980
883,2108
884,1960
885,677
886,2265
887,678
888,2758
889,2684
890,2247
891,1635
892,1563
893,620
894,1024
895,2486
896,2387
897,598
898,1161
899,580
900,2781
901,803
902,561
903,943
904,2677
905,2562
906,728
907,1452
908,1653
909,507
910,1747
911,1904
912,1701
913,802
914,1755
915,2084
916,2921
917,2811
918,740
919,2691
920,1672
921,2212
922,1868
923,2395
924,1909
925,1904
926,2570
927,2046
928,2528
929,2546
930,2531
931,1215
932,1205
933,2200
934,1068
935,1334
936,2836
937,2198
938,1466
939,1555
940,830
941,2745
942,537
943,2647
944,2875
945,997
946,582
947,2710
948,1413
949,1204
950,764
951,537
952,1365
953,2913
954,910
955,1287
956,1890
957,2532
958,594
959,537
960,2462
961,1070
962,913
963,964
964,925
965,864
966,2502
967,2400
968,920
969,2490
970,600
971,2807
972,832
973,1288
974,2813
975,2472
976,2906
977,2049
978,970
979,1758
980,1704
981,599
982,2736
983,1878
984,1869
985,2567
986,852
987,1861
988,1672
989,1136
990,1218
991,2280
992,2579
993,2966
994,510
995,759
996,1244
997,1774
998,1722
999,2435
1000,989
1001,1319
1002,1174
1003,2555
1004,1024
1005,2856
1006,1113
1007,1673
1008,1244
1009,849
1010,685
1011,1481
1012,2130
1013,635
1014,988
1015,1137
1016,2423
1017,2120
1018,2179
1019,818
1020,2745
1021,769
1022,2643
1023,570
1024,1475
1025,2467
1026,777
1027,2596
1028,2452
1029,1161
1030,561
1031,1173
1032,2127
1033,1168
1034,1205
1035,1328
1036,2853
1037,1523
1038,2997
1039,2809
1040,1626
1041,2045
1042,1186
1043,2420
1044,550
1045,1390
1046,931
1047,1497
1048,1299
1049,661
1050,2755
1051,919
1052,1398
1053,2128
1054,1601
1055,2940
1056,1685
1057,2462
1058,917
1059,2072
1060,2062
1061,1810
1062,2450
1063,1932
1064,1811
1065,2328
1066,2373
1067,1580
1068,1594
1069,2470
1070,1541
1071,2886
1072,1888
1073,1827
1074,2271
1075,1563
1076,1810
1077,1058
1078,2751
1079,1137
1080,2134
1081,2202
1082,2231
1083,1845
1084,1397
1085,2438
1086,1894
1087,713
1088,2688
1089,512
1090,1661
1091,1533
1092,1840
1093,2540
1094,2879
1095,2759
1096,822
1097,600
1098,836
1099,1777
1100,853
1101,2629
1102,981
1103,2972
1104,1270
1105,1816
1106,1836
1107,1817
1108,1616
1109,2922
1110,2194
1111,2859
1112,1026
1113,1523
1114,1203
1115,1220
1116,1975
1117,1395
1118,1201
1119,2476
1120,2656
1121,2545
1122,1686
1123,2446
1124,856
1125,1644
1126,1149
1127,1578
1128,2328
1129,604
1130,2642
1131,1474
1132,842
1133,2436
1134,2199
1135,1440
1136,921
1137,1262
1138,1886
1139,2134
1140,2093
1141,1580
1142,2263
1143,2494
1144,1714
1145,2359
1146,862
1147,2347
1148,2525
1149,2345
1150,2926
1151,2344
1152,1453
1153,1732
1154,2047
1155,1888
1156,1098
1157,1320
1158,1500
1159,2487
1160,728
1161,1420
1162,1237
1163,1271
1164,2204
1165,2060
1166,1199
1167,1037
1168,1300
1169,1761
1170,2417
1171,729
1172,1700
1173,1153
1174,853
1175,910
1176,726
1177,1435
1178,799
1179,1129
1180,814
1181,1210
1182,1312
1183,2963
1184,2215
1185,2207
1186,1018
1187,1907
1188,680
1189,858
1190,1351
1191,2675
1192,1731
1193,2058
1194,2132
1195,2807
1196,2536
1197,1196
1198,2493
1199,1245
1200,1029
1201,2260
1202,1783
1203,2350
1204,2046
1205,1051
1206,2879
1207,710
1208,938
1209,1444
1210,684
1211,1941
1212,816
1213,2048
1214,1477
1215,2095
1216,2927
1217,2212
1218,1852
1219,2730
1220,1950
1221,931
1222,1525
1223,2016
1224,2818
1225,1751
1226,1496
1227,1792
1228,2429
1229,1878
1230,1181
1231,934
1232,2917
1233,2094
1234,1798
1235,2946
1236,2578
1237,1841
1238,531
1239,2900
1240,2776
1241,2545
1242,1851
1243,1160
1244,2512
1245,2015
1246,2960
1247,1491
1248,1092
1249,1196
1250,2101
1251,581
1252,2345
1253,1004
1254,518
1255,527
1256,1872
1257,2431
1258,767
1259,2544
1260,2962
1261,1781
1262,2121
1263,1770
1264,1663
1265,1845
1266,511
1267,2706
1268,2728
1269,2863
1270,2842
1271,832
1272,918
1273,850
1274,554
1275,2806
1276,1376
1277,1110
1278,1239
1279,1697
1280,2017
1281,1797
1282,2229
1283,2128
1284,1497
1285,2917
1286,2856
1287,2402
1288,988
1289,1260
1290,1899
1291,1759
1292,2084
1293,2451
1294,1819
1295,2846
1296,1761
1297,1599
1298,1784
1299,2166
1300,1125
1301,824
1302,2349
1303,1947
1304,2791
1305,1894
1306,2097
1307,1912
1308,2079
1309,2430
1310,1696
1311,1151
1312,1973
1313,2901
1314,2272
1315,2370
1316,1066
1317,869
1318,762
1319,978
1320,2950
1321,2188
1322,1510
1323,864
1324,2641
1325,1500
1326,2988
1327,1252
1328,1418
1329,2593
1330,1542
1331,1338
1332,1769
1333,1221
1334,907
1335,2161
1336,2374
1337,2498
1338,2706
1339,865
1340,2079
1341,544
1342,1808
1343,1943
1344,957
1345,2271
1346,1453
1347,2479
1348,2491
1349,2449
1350,2132
1351,863
1352,1308
1353,1636
1354,993
1355,2951
1356,1804
1357,824
1358,688
1359,981
1360,1709
1361,1013
1362,2319
1363,1361
1364,2446
1365,2678
1366,1055
1367,1999
1368,1279
1369,2072
1370,2260
1371,2191
1372,2047
1373,2510
1374,1593
1375,1821
1376,2801
1377,2294
1378,1949
1379,1461
1380,2301
1381,549
1382,524
1383,1792
1384,529
1385,2055
1386,525
1387,2900
1388,2600
1389,1534
1390,1637
1391,2955
1392,2915
1393,2011
1394,2338
1395,2701
1396,2621
1397,2125
1398,1976
1399,2331
1400,1924
1401,596
1402,2031
1403,1783
1404,1914
1405,839
1406,2131
1407,2829
1408,2646
1409,600
1410,1337
1411,2124
1412,2106
1413,2689
1414,2581
1415,2117
1416,2537
1417,543
1418,1667
1419,2371
1420,2506
1421,1708
1422,1686
1423,2728
1424,2186
1425,1575
1426,707
1427,738
1428,1557
1429,2694
1430,2627
1431,1154
1432,2598
1433,1207
1434,1119
1435,667
1436,977
1437,1651
1438,2425
1439,2581
1440,1760
1441,2847
1442,2655
1443,2776
1444,1161
1445,580
1446,2785
1447,1208
1448,1473
1449,2830
1450,2799
1451,858
1452,786
1453,1297
1454,2739
1455,2609
1456,872
1457,535
1458,1505
1459,973
1460,2338
1461,1148
1462,578
1463,504
1464,1823
1465,2406
1466,2702
1467,2269
1468,2493
1469,1024
1470,599
1471,2992
1472,1971
1473,1307
1474,1971
1475,2057
1476,1489
1477,2039
1478,2986
1479,515
1480,1515
1481,2505
1482,950
1483,1091
1484,1012
1485,1801
1486,1053
1487,1670
1488,720
1489,1233
1490,2304
1491,2167
1492,1452
1493,2706
1494,2875
1495,2039
1496,2923
1497,2050
1498,944
1499,1551
1500,879
1501,1078
1502,2380
1503,2563
1504,2746
1505,2163
1506,1505
1507,1122
1508,2119
1509,1841
1510,679
1511,609
1512,2515
1513,2840
1514,1649
1515,547
1516,2446
1517,2227
1518,2737
1519,608
1520,1077
1521,2165
1522,1164
1523,2460
1524,2617
1525,1967
1526,1311
1527,812
1528,1545
1529,564
1530,893
1531,881
1532,1055
1533,1864
1534,888
1535,1546
1536,2415
1537,1809
1538,2396
1539,1975
1540,2680
1541,2604
1542,2030
1543,2117
1544,2172
1545,2979
1546,1446
1547,868
1548,1638
1549,2992
1550,2613
1551,2533
1552,1003
1553,2205
1554,667
1555,2387
1556,2835
1557,720
1558,2859
1559,689
1560,908
1561,1364
1562,826
1563,562
1564,584
1565,1782
1566,2301
1567,2721
1568,719
1569,2562
1570,1064
1571,514
1572,1119
1573,837
1574,1326
1575,2581
1576,1973
1577,959
1578,1728
1579,1493
1580,2946
1581,519
1582,2016
1583,2645
1584,1255
1585,1792
1586,521
1587,1950
1588,2074
1589,2477
1590,1437
1591,2768
1592,2020
1593,696
1594,2091
1595,2006
1596,2176
1597,2204
1598,1145
1599,2986
1600,2856
1601,1092
1602,1643
1603,2966
1604,733
1605,623
1606,2864
1607,2598
1608,1572
1609,1797
1610,1110
1611,2314
1612,1984
1613,1749
1614,2772
1615,599
1616,1659
1617,1623
1618,2937
1619,2044
1620,2364
1621,1850
1622,1934
1623,2684
1624,2974
1625,547
1626,1957
1627,1452
1628,2292
1629,2339
1630,557
1631,652
1632,1496
1633,826
1634,1937
1635,2575
1636,2066
1637,2070
1638,581
1639,1991
1640,714
1641,2500
1642,1461
1643,2307
1644,642
1645,2839
1646,2772
1647,1569
1648,792
1649,2527
1650,2420
1651,751
1652,1599
1653,567
1654,2687
1655,584
1656,1701
1657,532
1658,1422
1659,754
1660,1544
1661,2956
1662,2715
1663,1769
1664,2803
1665,2540
1666,2110
1667,1513
1668,679
1669,552
1670,1357
1671,837
1672,2265
1673,1561
1674,1271
1675,1972
1676,2098
1677,2096
1678,2300
1679,2133
1680,795
1681,1011
1682,817
1683,1082
1684,1881
1685,2117
1686,1188
1687,1977
1688,2340
1689,2863
1690,2811
1691,1168
1692,1168
1693,2924
1694,1733
1695,1761
1696,1394
1697,2475
1698,1644
1699,1322
1700,1863
1701,1781
1702,1835
1703,1445
1704,1141
1705,640
1706,2873
1707,1674
1708,2794
1709,1045
1710,2045
1711,2714
1712,1796
1713,2237
1714,1195
1715,2611
1716,2329
1717,1077
1718,2016
1719,633
1720,2350
1721,1044
1722,2660
1723,1501
1724,2878
1725,2398
1726,2158
1727,726
1728,2991
1729,2047
1730,2911
1731,2603
1732,1041
1733,2891
1734,2941
1735,2477
1736,514
1737,2811
1738,743
1739,2057
1740,1504
1741,1885
1742,1619
1743,1172
1744,2336
1745,2586
1746,1610
1747,1666
1748,1394
1749,1594
1750,680
1751,1939
1752,2190
1753,2029
1754,2766
1755,2800
1756,1969
1757,2354
1758,2327
1759,2979
1760,2009
1761,1093
1762,1473
1763,614
1764,1891
1765,2433
1766,1005
1767,2985
1768,1690
1769,1115
1770,925
1771,1539
1772,758
1773,2805
1774,918
1775,1838
1776,1353
1777,1810
1778,2348
1779,2831
1780,2453
1781,1308
1782,1212
1783,609
1784,791
1785,1522
1786,2382
1787,2389
1788,1810
1789,2227
1790,2238
1791,2324
1792,2590
1793,502
1794,2891
1795,603
1796,1861
1797,1872
1798,1867
1799,1720
1800,2836
1801,614
1802,2023
1803,1084
1804,1989
1805,2647
1806,1013
1807,1977
1808,1123
1809,2452
1810,2103
1811,731
1812,2548
1813,1161
1814,2116
1815,1188
1816,1938
1817,969
1818,518
1819,1039
1820,1599
1821,2117
1822,1398
1823,1557
1824,893
1825,2850
1826,2043
1827,2104
1828,1350
1829,1629
1830,1521
1831,1682
1832,534
1833,1486
1834,1862
1835,2679
1836,2943
1837,1519
1838,1341
1839,2478
1840,1997
1841,1162
1842,2541
1843,1858
1844,952
1845,1076
1846,2370
1847,2167
1848,1437
1849,2637
1850,1364
1851,534
1852,1944
1853,1323
1854,1524
1855,2357
1856,2562
1857,656
1858,2809
1859,547
1860,2174
1861,1568
1862,717
1863,783
1864,1368
1865,572
1866,1701
1867,2519
1868,2734
1869,2411
1870,1259
1871,757
1872,2793
1873,2064
1874,2340
1875,1841
1876,2529
1877,2472
1878,2811
1879,1679
1880,624
1881,1310
1882,1888
1883,1182
1884,745
1885,683
1886,2672
1887,785
1888,2797
1889,2623
1890,1470
1891,1652
1892,1890
1893,1972
1894,2226
1895,2008
1896,1889
1897,673
1898,1858
1899,2115
1900,1433
1901,1918
1902,2972
1903,1587
1904,1787
1905,1591
1906,1663
1907,2592
1908,2738
1909,2589
1910,870
1911,739
1912,1620
1913,1797
1914,1581
1915,2915
1916,2660
1917,1682
1918,2401
1919,1379
1920,1074
1921,1019
1922,793
1923,2887
1924,1772
1925,2762
1926,1272
1927,1415
1928,2373
1929,1289
1930,2835
1931,2529
1932,1266
1933,814
1934,1287
1935,2328
1936,2260
1937,2036
1938,1289
1939,2846
1940,1323
1941,1696
1942,1578
1943,2878
1944,2120
1945,1023
1946,1031
1947,2187
1948,1578
1949,2290
1950,1731
1951,1593
1952,1916
1953,1111
1954,2716
1955,604
1956,1315
1957,2470
1958,845
1959,1564
1960,774
1961,1947
1962,2782
1963,1731
1964,1648
1965,1175
1966,559
1967,999
1968,2108
1969,2155
1970,2192
1971,760
1972,2887
1973,1924
1974,2545
1975,1406
1976,2092
1977,1617
1978,1156
1979,2552
1980,977
1981,1041
1982,2563
1983,990
1984,1961
1985,2880
1986,1539
1987,2558
1988,997
1989,1195
1990,876
1991,2207
1992,1161
1993,1720
1994,2819
1995,2104
1996,1601
1997,1222
1998,2409
1999,588
2000,838
2001,2423
2002,1701
2003,2510
2004,2115
2005,2843
2006,2601
2007,2646
2008,2834
2009,947
2010,1878
2011,1074
2012,802
2013,2431
2014,873
2015,1243
2016,1781
2017,1676
2018,2597
2019,2060
2020,770
2021,974
2022,2888
2023,1280
2024,1212
2025,635
2026,2028
2027,2650
2028,2657
2029,683
2030,1937
2031,941
2032,2671
2033,2750
2034,2806
2035,566
2036,816
2037,575
2038,1747
2039,734
2040,2652
2041,1053
2042,2558
2043,984
2044,1286
2045,1208
2046,1752
2047,2283
2048,2061
2049,1989
2050,1019
2051,2919
2052,1412
2053,2077
2054,940
2055,2595
2056,665
2057,1635
2058,1750
2059,558
2060,961
2061,2825
2062,2575
2063,2651
2064,2962
2065,2931
2066,1178
2067,853
2068,2927
2069,2659
2070,2124
2071,2986
2072,1428
2073,950
2074,1381
2075,2127
2076,920
2077,2702
2078,1611
2079,2884
2080,1279
2081,1849
2082,1718
2083,1100
2084,911
2085,1257
2086,1904
2087,2053
2088,2177
2089,2944
2090,667
2091,1012
2092,1114
2093,2672
2094,1897
2095,2184
2096,1518
2097,2067
2098,2204
2099,1794
2100,1841
2101,522
2102,2694
2103,2183
2104,1648
2105,645
2106,1992
2107,843
2108,2525
2109,1833
2110,2048
2111,1371
2112,1263
2113,2828
2114,2664
2115,1990
2116,2695
2117,2227
2118,2242
2119,2134
2120,737
2121,1912
2122,2136
2123,2426
2124,2030
2125,523
2126,1224
2127,1816
2128,1849
2129,1098
2130,1036
2131,2928
2132,666
2133,978
2134,1331
2135,579
2136,1900
2137,2813
2138,1464
2139,1283
2140,1960
2141,2813
2142,702
2143,1544
2144,2155
2145,1886
2146,1051
2147,1236
2148,1188
2149,788
2150,871
2151,2592
2152,1352
2153,847
2154,2962
2155,1448
2156,1946
2157,983
2158,2791
2159,1658
2160,1921
2161,2818
2162,1963
2163,2114
2164,1671
2165,2579
2166,911
2167,868
2168,1994
2169,839
2170,868
2171,2437
2172,2519
2173,912
2174,1751
2175,2281
2176,865
2177,2537
2178,828
2179,931
2180,2242
2181,2037
2182,2705
2183,647
2184,2960
2185,534
2186,1176
2187,2801
2188,2764
2189,1148
2190,1950
2191,2612
2192,1739
2193,1835
2194,841
2195,1621
2196,2392
2197,832
2198,1047
2199,841
2200,2364
2201,2603
2202,1361
2203,1060
2204,1632
2205,1947
2206,2094
2207,1923
2208,2383
2209,1556
2210,1651
2211,2426
2212,552
2213,2332
2214,1966
2215,1285
2216,1735
2217,1676
2218,1022
2219,2360
2220,743
2221,1426
2222,1149
2223,2011
2224,1459
2225,2023
2226,2526
2227,1569
2228,2487
2229,2086
2230,1639
2231,2974
2232,2511
2233,1490
2234,714
2235,860
2236,2208
2237,1471
2238,2687
2239,1429
2240,2599
2241,1008
2242,1888
2243,1851
2244,2202
2245,2820
2246,1320
2247,2176
2248,1859
2249,1798
2250,1003
2251,2969
2252,1891
2253,1227
2254,1877
2255,1262
2256,1275
2257,735
2258,2912
2259,2883
2260,603
2261,2710
2262,2973
2263,930
2264,2784
2265,1152
2266,1509
2267,1476
2268,1745
2269,1182
2270,1793
2271,2399
2272,2477
2273,2756
2274,1757
2275,2110
2276,1289
2277,1851
2278,2950
2279,2181
2280,636
2281,1402
2282,1749
2283,2091
2284,1790
2285,2126
2286,1015
2287,700
2288,2158
2289,2533
2290,1449
2291,2048
2292,1733
2293,2088
2294,2327
2295,1941
2296,2983
2297,2096
2298,2565
2299,2432
2300,1479
2301,2663
2302,2507
2303,1163
2304,612
2305,1055
2306,664
2307,2409
2308,2368
2309,503
2310,1566
2311,2731
2312,970
2313,966
2314,1024
2315,1395
2316,2666
2317,629
2318,1244
2319,973
2320,565
2321,1351
2322,2925
2323,2345
2324,2558
2325,1878
2326,1639
2327,758
2328,563
2329,1555
2330,1076
2331,1309
2332,2223
2333,1435
2334,1088
2335,2411
2336,980
2337,2978
2338,1239
2339,2958
2340,743
2341,1172
2342,874
2343,601
2344,1239
2345,995
2346,2946
2347,762
2348,1089
2349,2172
2350,1345
2351,2049
2352,644
2353,2258
2354,2724
2355,2535
2356,755
2357,941
2358,2171
2359,1982
2360,1352
2361,1096
2362,610
2363,1434
2364,1795
2365,2958
2366,1117
2367,2962
2368,1740
2369,1254
2370,889
2371,896
2372,1994
2373,2031
2374,2245
2375,790
2376,2398
2377,1443
2378,1618
2379,1919
2380,539
2381,841
2382,911
2383,2025
2384,2255
2385,903
2386,1926
2387,1245
2388,1710
2389,1518
2390,502
2391,2287
2392,1943
2393,2937
2394,2040
2395,2602
2396,2589
2397,1961
2398,648
2399,1967
2400,1949
2401,1535
2402,515
2403,2020
2404,2817
2405,2805
2406,1026
2407,2403
2408,1423
2409,1349
2410,1964
2411,938
2412,1106
2413,2219
2414,1479
2415,2477
2416,2035
2417,1660
2418,1271
2419,2848
2420,2026
2421,1302
2422,614
2423,2368
2424,1370
2425,844
2426,2237
2427,2856
2428,510
2429,1806
2430,2615
2431,2335
2432,2597
2433,2552
2434,1417
2435,2078
2436,998
2437,2736
2438,1506
2439,1801
2440,2819
2441,2899
2442,1509
2443,2826
2444,1496
2445,1780
2446,811
2447,2934
2448,773
2449,1282
2450,1536
2451,587
2452,510
2453,2630
2454,2842
2455,2198
2456,725
2457,952
2458,1726
2459,553
2460,759
2461,862
2462,1935
2463,536
2464,554
2465,2836
2466,2313
2467,1939
2468,1155
2469,2341
2470,2882
2471,1920
2472,1442
2473,780
2474,1494
2475,646
2476,1359
2477,1801
2478,560
2479,1898
2480,667
2481,1719
2482,1750
2483,2552
2484,2858
2485,2361
2486,2669
2487,876
2488,2946
2489,2970
2490,725
2491,1239
2492,2384
2493,1959
2494,957
2495,2372
2496,1433
2497,2276
2498,1222
2499,2273
2500,746
2501,1040
2502,600
2503,2842
2504,2248
2505,1637
2506,1082
2507,1522
2508,1081
2509,832
2510,1779
2511,1271
2512,1738
2513,868
2514,1179
2515,909
2516,2965
2517,2035
2518,770
2519,2733
2520,2964
2521,2788
2522,847
2523,972
2524,2221
2525,1889
2526,2591
2527,2595
2528,2889
2529,2942
2530,2745
2531,1614
2532,1071
2533,659
2534,2578
2535,2349
2536,2944
2537,2738
2538,2262
2539,2151
2540,2665
2541,1496
2542,1111
2543,1434
2544,691
2545,2569
2546,682
2547,2233
2548,843
2549,757
2550,1157
2551,2663
2552,1359
2553,1161
2554,1265
2555,1460
2556,1337
2557,2030
2558,1041
2559,539
2560,1402
2561,1941
2562,862
2563,1713
2564,1570
2565,2379
2566,953
2567,559
2568,2796
2569,2759
2570,1623
2571,2779
2572,944
2573,751
2574,2906
2575,2959
2576,2930
2577,2927
2578,564
2579,2026
2580,1347
2581,2612
2582,2308
2583,1343
2584,619
2585,737
2586,989
2587,2504
2588,749
2589,2075
2590,1732
2591,2597
2592,2034
2593,1209
2594,2820
2595,1971
2596,1995
2597,866
2598,2228
2599,1259
2600,2862
2601,2115
2602,868
2603,1319
2604,1649
2605,2373
2606,762
2607,1480
2608,2276
2609,1890
2610,1361
2611,1290
2612,2746
2613,2204
2614,1684
2615,941
2616,2424
2617,2262
2618,2295
2619,2824
2620,1526
2621,2685
2622,1896
2623,1540
2624,2813
2625,1398
2626,2476
2627,1939
2628,1388
2629,2960
2630,1138
2631,773
2632,1279
2633,1944
2634,1043
2635,1434
2636,1778
2637,764
2638,2779
2639,1785
2640,2327
2641,1924
2642,2814
2643,2119
2644,681
2645,1822
2646,907
2647,1145
2648,2389
2649,2745
2650,2938
2651,2404
2652,1917
2653,935
2654,798
2655,954
2656,2609
2657,1624
2658,2948
2659,1402
2660,1126
2661,814
2662,1353
2663,1906
2664,2036
2665,1900
2666,2701
2667,2902
2668,1635
2669,1474
2670,2429
2671,1193
2672,2659
2673,1255
2674,1970
2675,2020
2676,881
2677,1482
2678,925
2679,1416
2680,1778
2681,1800
2682,856
2683,2883
2684,727
2685,2038
2686,2011
2687,1137
2688,1452
2689,1212
2690,592
2691,2016
2692,1484
2693,2395
2694,1097
2695,2826
2696,2706
2697,2128
2698,2197
2699,2590
2700,1819
2701,634
2702,2287
2703,2390
2704,2100
2705,860
2706,2788
2707,1641
2708,1130
2709,633
2710,1711
2711,2369
2712,2801
2713,1856
2714,900
2715,1805
2716,1498
2717,2101
2718,1828
2719,1076
2720,2422
2721,2223
2722,1973
2723,1307
2724,704
2725,1786
2726,722
2727,2623
2728,2644
2729,1772
2730,1462
2731,1968
2732,1520
2733,663
2734,1475
2735,1488
2736,2168
2737,1995
2738,1951
2739,2122
2740,2818
2741,1844
2742,2786
2743,645
2744,2386
2745,819
2746,2760
2747,914
2748,2920
2749,2923
2750,1160
2751,2493
2752,1405
2753,1965
2754,2375
2755,2817
2756,1410
2757,1445
2758,2490
2759,2451
2760,2439
2761,2497
2762,781
2763,2977
2764,1020
2765,594
2766,818
2767,1738
2768,1208
2769,1979
2770,2484
2771,2862
2772,1252
2773,2464
2774,2438
2775,1255
2776,732
2777,2630
2778,2627
2779,2252
2780,1515
2781,2968
2782,1345
2783,2172
2784,2888
2785,2658
2786,2983
2787,2396
2788,1448
2789,2553
2790,508
2791,2950
2792,2435
2793,2640
2794,1481
2795,643
2796,1471
2797,2457
2798,1129
2799,1455
2800,2471
2801,1386
2802,1537
2803,2396
2804,2791
2805,2150
2806,1106
2807,2855
2808,1387
2809,1261
2810,607
2811,2996
2812,1060
2813,2082
2814,1758
2815,1396
2816,1727
2817,1152
2818,2111
2819,1131
2820,2370
2821,1481
2822,1843
2823,2975
2824,1531
2825,2432
2826,927
2827,523
2828,1785
2829,2346
2830,1651
2831,1168
2832,2014
2833,2396
2834,1102
2835,2904
2836,2535
2837,2127
2838,2820
2839,2952
2840,1420
2841,1722
2842,2748
2843,2384
2844,826
2845,1308
2846,2427
2847,2814
2848,2683
2849,1971
2850,1917
2851,2516
2852,1060
2853,1666
2854,760
2855,1888
2856,1421
2857,1372
2858,1406
2859,820
2860,2192
2861,2000
2862,2798
2863,2695
2864,1605
2865,1998
2866,2807
2867,523
2868,743
2869,2764
2870,2072
2871,1454
2872,587
2873,2780
2874,1567
2875,2669
2876,1447
2877,2843
2878,1377
2879,1288
2880,1995
2881,1194
2882,2249
2883,2411
2884,797
2885,2908
2886,1516
2887,2143
2888,2980
2889,618
2890,621
2891,1630
2892,1966
2893,2836
2894,643
2895,866
2896,2524
2897,2432
2898,2859
2899,1269
2900,2607
2901,1588
2902,2213
2903,1421
2904,1096
2905,2843
2906,1251
2907,2102
2908,1880
2909,2754
2910,882
2911,1351
2912,1379
2913,2994
2914,1688
2915,1373
2916,923
2917,614
2918,1018
2919,911
2920,920
2921,2391
2922,2984
2923,2981
2924,1080
2925,1842
2926,2479
2927,2336
2928,868
2929,2637
2930,1748
2931,833
2932,957
2933,1273
2934,1443
2935,2896
2936,1939
2937,2521
2938,595
2939,2859
2940,2637
2941,1505
2942,1314
2943,1468
2944,2204
2945,1249
2946,1071
2947,1720
2948,1240
2949,2272
2950,717
2951,2692
2952,2205
2953,2805
2954,713
2955,1025
2956,2980
2957,581
2958,975
2959,1409
2960,2882
2961,1364
2962,2905
2963,1625
2964,2203
2965,1284
2966,2382
2967,743
2968,1127
2969,1542
2970,2060
2971,1549
2972,1344
2973,939
2974,1209
2975,2759
2976,1266
2977,1138
2978,547
2979,1361
2980,1067
2981,2302
2982,2374
2983,2326
2984,2975
2985,657
2986,741
2987,2608
2988,2209
2989,1785
2990,1051
2991,1310
2992,675
2993,1879
2994,2890
2995,2265
2996,2454
2997,1222
2998,1622
2999,1741
3000,1211
3001,599
3002,2049
3003,1983
3004,1920
3005,1546
3006,2738
3007,521
3008,2557
3009,2828
3010,2140
3011,1595
3012,586
3013,1775
3014,2247
3015,779
3016,694
3017,1864
3018,1152
3019,1563
3020,2100
3021,2987
3022,1300
3023,732
3024,2131
3025,2301
3026,546
3027,1379
3028,875
3029,2130
3030,2210
3031,663
3032,752
3033,603
3034,2009
3035,2618
3036,1604
3037,835
3038,1450
3039,2335
3040,1658
3041,721
3042,728
3043,2883
3044,2559
3045,1509
3046,700
3047,1531
3048,2842
3049,2268
3050,2368
3051,1863
3052,996
3053,2462
3054,2074
3055,2921
3056,2530
3057,1700
3058,739
3059,1846
3060,2808
3061,2146
3062,673
3063,1286
3064,2584
3065,2935
3066,850
3067,796
3068,869
3069,1450
3070,2905
3071,994
3072,1167
3073,1460
3074,2631
3075,1680
3076,1095
3077,1621
3078,1175
3079,2416
3080,2611
3081,1315
3082,2001
3083,1528
3084,2813
3085,2384
3086,2131
3087,2053
3088,1017
3089,2835
3090,2493
3091,971
3092,1211
3093,2174
3094,1080
3095,2243
3096,1808
3097,557
3098,2310
3099,2378
3100,1022
3101,1158
3102,2033
3103,2164
3104,1689
3105,1413
3106,1372
3107,1011
3108,742
3109,978
3110,976
3111,698
3112,2523
3113,2257
3114,1344
3115,1779
3116,2961
3117,1691
3118,1040
3119,1969
3120,2370
3121,1720
3122,2456
3123,1152
3124,2309
3125,1199
3126,1615
3127,1379
3128,2648
3129,999
3130,1717
3131,2840
3132,1176
3133,1621
3134,734
3135,1736
3136,1438
3137,2287
3138,905
3139,1641
3140,881
3141,524
3142,1563
3143,672
3144,1631
3145,1457
3146,1495
3147,2379
3148,2637
3149,1491
3150,2177
3151,2539
3152,1030
3153,613
3154,2311
3155,1035
3156,554
3157,2297
3158,1398
3159,2328
3160,567
3161,1098
3162,2316
3163,2522
3164,2524
3165,825
3166,676
3167,2881
3168,2505
3169,1767
3170,2991
3171,523
3172,1953
3173,2977
3174,1858
3175,2140
3176,2880
3177,2097
3178,2928
3179,990
3180,2680
3181,1137
3182,1262
3183,2357
3184,2839
3185,2588
3186,2928
3187,702
3188,1410
3189,2741
3190,2380
3191,1583
3192,2335
3193,2848
3194,2033
3195,2596
3196,1218
3197,1542
3198,597
3199,2736
3200,2348
3201,1909
3202,2877
3203,1897
3204,2046
3205,1947
3206,1480
3207,2967
3208,1125
3209,2437
3210,2616
3211,2847
3212,2679
3213,1641
3214,1012
3215,2598
3216,640
3217,2697
3218,2286
3219,2557
3220,1552
3221,2317
3222,2906
3223,2971
3224,2911
3225,2036
3226,1678
3227,2402
3228,1372
3229,2150
3230,2552
3231,2111
3232,2194
3233,2094
3234,2475
3235,2862
3236,1971
3237,2766
3238,1353
3239,2402
3240,2796
3241,1704
3242,637
3243,856
3244,784
3245,2563
3246,2242
3247,1851
3248,2067
3249,1463
3250,2361
3251,2458
3252,587
3253,672
3254,1525
3255,927
3256,2094
3257,2042
3258,1199
3259,1036
3260,1061
3261,1491
3262,598
3263,1061
3264,2391
3265,747
3266,1362
3267,1500
3268,2608
3269,2258
3270,2331
3271,637
3272,775
3273,1847
3274,926
3275,1833
3276,1357
3277,1077
3278,1030
3279,513
3280,1392
3281,1623
3282,1969
3283,2703
3284,1888
3285,2773
3286,1681
3287,2893
3288,980
3289,2185
3290,2032
3291,2052
3292,1784
3293,2143
3294,1748
3295,2606
3296,2968
3297,2179
3298,2161
3299,1950
3300,516
3301,1737
3302,1789
3303,1268
3304,2638
3305,1422
3306,756
3307,503
3308,2922
3309,2041
3310,2577
3311,611
3312,2525
3313,880
3314,1601
3315,623
3316,1805
3317,1215
3318,2295
3319,1451
3320,1861
3321,2274
3322,1771
3323,553
3324,2697
3325,1735
3326,2878
3327,748
3328,1900
3329,1315
3330,2358
3331,2332
3332,1519
3333,1758
3334,2287
3335,1563
3336,897
3337,1346
3338,2534
3339,2294
3340,1474
3341,2218
3342,2202
3343,2358
3344,1706
3345,1810
3346,1290
3347,577
3348,2611
3349,1310
3350,912
3351,2521
3352,2378
3353,2733
3354,1947
3355,2569
3356,2302
3357,1776
3358,715
3359,1333
3360,2879
3361,745
3362,2258
3363,1923
3364,2858
3365,840
3366,2708
3367,527
3368,1133
3369,1344
3370,801
3371,1556
3372,2769
3373,2443
3374,881
3375,662
3376,1601
3377,2483
3378,981
3379,1151
3380,1055
3381,593
3382,2754
3383,2542
3384,2119
3385,970
3386,2033
3387,1780
3388,1411
3389,1980
3390,2709
3391,1402
3392,1909
3393,664
3394,713
3395,1638
3396,1770
3397,1119
3398,542
3399,2093
3400,1284
3401,2405
3402,1605
3403,2844
3404,2128
3405,1434
3406,2714
3407,1441
3408,715
3409,1677
3410,1899
3411,2336
3412,2397
3413,2578
3414,2033
3415,602
3416,1812
3417,1998
3418,2948
3419,1485
3420,2308
3421,1289
3422,877
3423,1633
3424,1640
3425,801
3426,2982
3427,968
3428,2077
3429,1980
3430,2036
3431,989
3432,618
3433,2977
3434,706
3435,1327
3436,1395
3437,1783
3438,1755
3439,1206
3440,1928
3441,898
3442,774
3443,1076
3444,2850
3445,1180
3446,1064
3447,670
3448,2960
3449,2369
3450,1757
3451,2638
3452,1965
3453,2220
3454,783
3455,2327
3456,2912
3457,2480
3458,1091
3459,2548
3460,1709
3461,1753
3462,2738
3463,1912
3464,1972
3465,2059
3466,2129
3467,2976
3468,2727
3469,2498
3470,964
3471,1649
3472,1359
3473,715
3474,1501
3475,1460
3476,2286
3477,2972
3478,2315
3479,2282
3480,568
3481,1782
3482,1615
3483,1979
3484,1442
3485,1056
3486,2115
3487,1928
3488,994
3489,2072
3490,1539
3491,2220
3492,2487
3493,1003
3494,2035
3495,2885
3496,2750
3497,1732
3498,1382
3499,1070
3500,2761
3501,2917
3502,921
3503,1893
3504,2646
3505,2441
3506,1025
3507,987
3508,1313
3509,2820
3510,1941
3511,2105
3512,515
3513,2912
3514,2145
3515,2144
3516,2256
3517,2392
3518,1979
3519,1473
3520,1688
3521,626
3522,845
3523,2710
3524,1270
3525,1074
3526,1744
3527,2036
3528,2671
3529,2328
3530,2718
3531,2914
3532,1191
3533,1775
3534,2431
3535,1250
3536,570
3537,1139
3538,1240
3539,598
3540,2390
3541,2659
3542,720
3543,2247
3544,1806
3545,2787
3546,657
3547,1576
3548,1920
3549,1066
3550,966
3551,2031
3552,2941
3553,1179
3554,2779
3555,2322
3556,2856
3557,1350
3558,2516
3559,2115
3560,2339
3561,1351
3562,1886
3563,2540
3564,1425
3565,1857
3566,1423
3567,946
3568,819
3569,535
3570,2068
3571,834
3572,1998
3573,2286
3574,2260
3575,2212
3576,2831
3577,1275
3578,2701
3579,1821
3580,842
3581,1748
3582,669
3583,2322
3584,1599
3585,2888
3586,1501
3587,2270
3588,1104
3589,2995
3590,791
3591,1087
3592,1207
3593,1642
3594,1122
3595,1309
3596,582
3597,2724
3598,2425
3599,1581
3600,625
3601,1137
3602,1677
3603,530
3604,1044
3605,1199
3606,1194
3607,2605
3608,863
3609,957
3610,1360
3611,1587
3612,670
3613,502
3614,2572
3615,875
3616,1116
3617,1436
3618,1692
3619,854
3620,1111
3621,637
3622,1685
3623,1126
3624,1932
3625,1827
3626,1818
3627,976
3628,2529
3629,2924
3630,1654
3631,1977
3632,1900
3633,861
3634,2132
3635,817
3636,2165
3637,1202
3638,581
3639,1840
3640,2937
3641,588
3642,719
3643,1008
3644,2919
3645,545
3646,2602
3647,797
3648,1489
3649,714
3650,1627
3651,892
3652,1131
3653,2943
3654,1147
3655,751
3656,776
3657,2789
3658,2000
3659,1612
3660,1913
3661,716
3662,1873
3663,1455
3664,2878
3665,1231
3666,1096
3667,2400
3668,1349
3669,1509
3670,836
3671,753
3672,2724
3673,599
3674,2351
3675,2666
3676,1453
3677,584
3678,2074
3679,1528
3680,843
3681,727
3682,1327
3683,1473
3684,644
3685,2366
3686,1183
3687,1092
3688,2373
3689,2896
3690,2525
3691,2801
3692,1562
3693,2969
3694,1243
3695,1401
3696,608
3697,924
3698,1937
3699,1211
3700,2845
3701,1999
3702,1949
3703,2586
3704,567
3705,1547
3706,954
3707,815
3708,1800
3709,2164
3710,625
3711,2910
3712,2756
3713,1086
3714,1555
3715,1694
3716,1312
3717,1483
3718,2510
3719,1032
3720,1912
3721,1655
3722,2386
3723,1573
3724,2739
3725,2600
3726,2880
3727,2992
3728,2583
3729,1936
3730,735
3731,2214
3732,2655
3733,634
3734,1386
3735,1290
3736,2532
3737,2375
3738,2141
3739,2828
3740,750
3741,2023
3742,1215
3743,1017
3744,1985
3745,1352
3746,1461
3747,1831
3748,1737
3749,1286
3750,2606
3751,2480
3752,2957
3753,2479
3754,903
3755,2771
3756,699
3757,2744
3758,2767
3759,926
3760,1109
3761,590
3762,570
3763,588
3764,2908
3765,2117
3766,2638
3767,542
3768,990
3769,2654
3770,2581
3771,2925
3772,558
3773,2424
3774,1309
3775,2173
3776,2222
3777,531
3778,2443
3779,859
3780,2919
3781,1326
3782,1674
3783,963
3784,2648
3785,1216
3786,2789
3787,785
3788,884
3789,1319
3790,684
3791,2667
3792,2804
3793,573
3794,2965
3795,2406
3796,2987
3797,2859
3798,2936
3799,739
3800,1417
3801,2516
3802,1158
3803,2318
3804,2556
3805,1249
3806,2155
3807,1700
3808,2470
3809,2346
3810,907
3811,1207
3812,1347
3813,1786
3814,2201
3815,2536
3816,2148
3817,2061
3818,1945
3819,2773
3820,2870
3821,2117
3822,1079
3823,1599
3824,2391
3825,823
3826,1633
3827,2284
3828,1860
3829,2284
3830,1940
3831,2507
3832,2797
3833,2980
3834,2401
3835,2960
3836,2584
3837,2214
3838,963
3839,2390
3840,1363
3841,1407
3842,2593
3843,1401
3844,2346
3845,1887
3846,2625
3847,2440
3848,2159
3849,2966
3850,2537
3851,1761
3852,2668
3853,2273
3854,1017
3855,1455
3856,1224
3857,1344
3858,909
3859,2965
3860,1419
3861,509
3862,1412
3863,566
3864,2898
3865,649
3866,1720
3867,2732
3868,1709
3869,2033
3870,2297
3871,1861
3872,1303
3873,2217
3874,2305
3875,1194
3876,2896
3877,2399
3878,2543
3879,1579
3880,1968
3881,1177
3882,2084
3883,2529
3884,1617
3885,742
3886,2079
3887,2494
3888,942
3889,2329
3890,2814
3891,1998
3892,2160
3893,2538
3894,2206
3895,2641
3896,2595
3897,2716
3898,1111
3899,1702
3900,1988
3901,1938
3902,2542
3903,2422
3904,749
3905,2635
3906,1940
3907,1328
3908,1785
3909,790
3910,653
3911,2392
3912,850
3913,2407
3914,782
3915,1692
3916,2892
3917,2966
3918,2627
3919,1473
3920,2160
3921,2469
3922,1834
3923,2913
3924,1249
3925,2210
3926,654
3927,2910
3928,1604
3929,748
3930,1886
3931,2656
3932,825
3933,2007
3934,608
3935,596
3936,2649
3937,1707
3938,2285
3939,2845
3940,1260
3941,1824
3942,1865
3943,2905
3944,2718
3945,1635
3946,2402
3947,888
3948,2738
3949,2093
3950,1121
3951,1970
3952,519
3953,2243
3954,2330
3955,1733
3956,1426
3957,2264
3958,2702
3959,1854
3960,1583
3961,2579
3962,1302
3963,2696
3964,2364
3965,1222
3966,2839
3967,1967
3968,2693
3969,2123
3970,1131
3971,749
3972,2971
3973,1519
3974,1519
3975,1392
3976,1996
3977,1209
3978,517
3979,753
3980,2208
3981,1559
3982,2499
3983,1992
3984,1648
3985,1919
3986,1068
3987,950
3988,1214
3989,526
3990,2225
3991,1462
3992,2382
3993,2330
3994,2529
3995,691
3996,1749
3997,1186
3998,1838
3999,727
4000,726
4001,1189
4002,2982
4003,1353
4004,1377
4005,2743
4006,2806
4007,2288
4008,2801
4009,1506
4010,1832
4011,1652
4012,2094
4013,2941
4014,2210
4015,2036
4016,1441
4017,2264
4018,2761
4019,1914
4020,1768
4021,2107
4022,584
4023,2418
4024,2209
4025,533
4026,2737
4027,1028
4028,1572
4029,1441
4030,1348
4031,2691
4032,778
4033,2117
4034,672
4035,1976
4036,1357
4037,796
4038,966
4039,771
4040,1909
4041,1359
4042,566
4043,2678
4044,1424
4045,1240
4046,605
4047,2893
4048,2517
4049,1711
4050,619
4051,613
4052,2557
4053,1696
4054,793
4055,862
4056,2710
4057,1779
4058,2640
4059,2029
4060,853
4061,1312
4062,2771
4063,625
4064,2497
4065,2440
4066,2097
4067,2162
4068,1780
4069,1154
4070,2450
4071,1543
4072,1948
4073,1401
4074,1207
4075,2429
4076,1076
4077,995
4078,656
4079,2319
4080,2067
4081,831
4082,2634
4083,2944
4084,1743
4085,969
4086,1122
4087,2677
4088,970
4089,1491
4090,1207
4091,2870
4092,2683
4093,2572
4094,1340
4095,1605
4096,1281
4097,1161
4098,862
4099,2416
4100,1232
4101,1307
4102,1219
4103,1514
4104,1092
4105,2546
4106,2358
4107,2422
4108,2813
4109,2547
4110,2165
4111,2322
4112,2410
4113,1488
4114,2244
4115,597
4116,552
4117,511
4118,1609
4119,2110
4120,2631
4121,2735
4122,1718
4123,1918
4124,730
4125,1386
4126,2171
4127,2462
4128,1643
4129,1374
4130,2029
4131,2296
4132,1920
4133,736
4134,833
4135,1227
4136,1066
4137,1503
4138,2007
4139,1860
4140,1511
4141,2193
4142,669
4143,2576
4144,2014
4145,2882
4146,2268
4147,1324
4148,586
4149,2761
4150,2377
4151,2128
4152,1827
4153,1376
4154,2553
4155,1707
4156,899
4157,2859
4158,1402
4159,1136
4160,2547
4161,1327
4162,1288
4163,1072
4164,1473
4165,831
4166,2159
4167,2479
4168,2561
4169,559
4170,2362
4171,1612
4172,2092
4173,1386
4174,522
4175,2287
4176,1871
4177,2544
4178,822
4179,2403
4180,749
4181,2450
4182,2563
4183,2634
4184,1732
4185,768
4186,2002
4187,2980
4188,712
4189,1285
4190,1859
4191,622
4192,1559
4193,1991
4194,1283
4195,812
4196,1773
4197,2956
4198,2683
4199,2015
4200,1753
4201,1717
4202,2794
4203,1326
4204,2960
4205,2791
4206,821
4207,2356
4208,1674
4209,2837
4210,2311
4211,1234
4212,1052
4213,1191
4214,860
4215,2280
4216,2433
4217,1948
4218,1218
4219,2365
4220,2103
4221,1143
4222,1977
4223,528
4224,989
4225,1214
4226,2131
4227,1066
4228,1454
4229,2341
4230,1673
4231,1835
4232,2656
4233,1579
4234,723
4235,2287
4236,1259
4237,871
4238,2865
4239,2539
4240,1040
4241,1711
4242,2593
4243,2005
4244,1846
4245,782
4246,581
4247,1846
4248,1448
4249,669
4250,1151
4251,2186
4252,1700
4253,864
4254,1834
4255,2968
4256,2238
4257,1785
4258,1123
4259,2290
4260,1824
4261,986
4262,1256
4263,1045
4264,909
4265,1493
4266,2568
4267,2360
4268,2243
4269,2805
4270,1123
4271,658
4272,2526
4273,2786
4274,1941
4275,2668
4276,2999
4277,1017
4278,2979
4279,2236
4280,2836
4281,2795
4282,1007
4283,2760
4284,1550
4285,2842
4286,881
4287,2410
4288,2853
4289,980
4290,1959
4291,1493
4292,2342
4293,1042
4294,1632
4295,2774
4296,2730
4297,1311
4298,2796
4299,1792
4300,2304
4301,2621
4302,2640
4303,1042
4304,922
4305,2050
4306,746
4307,1208
4308,2439
4309,784
4310,1344
4311,2311
4312,2684
4313,2092
4314,1915
4315,664
4316,2593
4317,1932
4318,2737
4319,1606
4320,2867
4321,977
4322,2673
4323,2990
4324,2589
4325,1442
4326,2969
4327,2992
4328,1497
4329,1634
4330,2673
4331,890
4332,958
4333,1769
4334,1760
4335,938
4336,1833
4337,999
4338,2496
4339,2115
4340,1342
4341,547
4342,1217
4343,1550
4344,1470
4345,555
4346,1511
4347,1214
4348,1895
4349,2551
4350,2082
4351,644
4352,1634
4353,1619
4354,2545
4355,2219
4356,2542
4357,2046
4358,606
4359,1331
4360,741
4361,2963
4362,2114
4363,2647
4364,581
4365,2349
4366,967
4367,1898
4368,826
4369,740
4370,1378
4371,833
4372,1471
4373,1852
4374,2605
4375,2936
4376,1092
4377,1908
4378,1704
4379,1386
4380,892
4381,2417
4382,1004
4383,2155
4384,2215
4385,1413
4386,1709
4387,1384
4388,1725
4389,1857
4390,727
4391,1306
4392,2032
4393,1431
4394,1037
4395,1056
4396,581
4397,2188
4398,853
4399,1152
4400,2749
4401,1238
4402,1590
4403,1280
4404,2417
4405,2243
4406,2984
4407,2175
4408,1454
4409,2426
4410,2766
4411,2614
4412,1855
4413,2852
4414,1965
4415,1472
4416,2678
4417,588
4418,2760
4419,2529
4420,1453
4421,2998
4422,1286
4423,956
4424,1566
4425,962
4426,2947
4427,1822
4428,1074
4429,2190
4430,2495
4431,1890
4432,1859
4433,505
4434,2862
4435,1953
4436,1662
4437,2385
4438,1578
4439,2608
4440,1784
4441,1601
4442,648
4443,1880
4444,2939
4445,1776
4446,594
4447,2869
4448,1899
4449,1599
4450,2210
4451,695
4452,2793
4453,558
4454,2621
4455,2377
4456,2528
4457,1639
4458,2041
4459,1023
4460,2992
4461,1538
4462,806
4463,1165
4464,1055
4465,2708
4466,1904
4467,2623
4468,2101
4469,567
4470,2216
4471,2356
4472,1808
4473,2375
4474,1939
4475,2122
4476,1609
4477,1475
4478,2064
4479,534
4480,923
4481,946
4482,583
4483,1846
4484,2931
4485,2839
4486,1771
4487,1886
4488,2624
4489,1582
4490,2152
4491,2729
4492,1103
4493,1293
4494,2217
4495,1796
4496,733
4497,2830
4498,2293
4499,2777
4500,2529
4501,762
4502,1003
4503,1845
4504,2487
4505,1393
4506,1945
4507,549
4508,1470
4509,535
4510,2706
4511,2329
4512,2118
4513,1379
4514,2699
4515,2276
4516,2138
4517,1192
4518,2530
4519,2529
4520,1473
4521,1975
4522,1368
4523,2664
4524,2871
4525,1911
4526,1485
4527,1467
4528,1132
4529,1100
4530,2339
4531,2364
4532,2831
4533,1695
4534,1987
4535,1161
4536,1164
4537,1101
4538,1116
4539,2613
4540,1939
4541,1551
4542,673
4543,1484
4544,1813
4545,522
4546,1497
4547,2090
4548,1654
4549,2910
4550,1249
4551,1615
4552,2955
4553,2559
4554,2774
4555,1134
4556,2974
4557,2118
4558,2464
4559,1102
4560,943
4561,2507
4562,762
4563,2946
4564,1416
4565,2000
4566,1089
4567,1447
4568,1756
4569,1555
4570,2653
4571,2212
4572,2862
4573,1311
4574,2789
4575,1038
4576,523
4577,1631
4578,647
4579,2984
4580,2984
4581,1391
4582,2956
4583,2539
4584,2518
4585,703
4586,1520
4587,562
4588,571
4589,561
4590,1655
4591,2109
4592,1309
4593,1736
4594,2613
4595,1421
4596,1454
4597,835
4598,1704
4599,2509
4600,977
4601,1287
4602,736
4603,2496
4604,2443
4605,558
4606,2351
4607,1001
4608,1600
4609,1950
4610,1852
4611,1631
4612,1914
4613,2010
4614,2922
4615,854
4616,814
4617,2473
4618,1261
4619,1209
4620,1351
4621,1005
4622,2680
4623,654
4624,2095
4625,2972
4626,920
4627,1938
4628,1907
4629,2847
4630,628
4631,652
4632,1990
4633,2507
4634,1465
4635,602
4636,2073
4637,2192
4638,1467
4639,1702
4640,2269
4641,900
4642,2114
4643,2614
4644,1509
4645,1220
4646,1459
4647,2716
4648,2830
4649,996
4650,1507
4651,2090
4652,1415
4653,989
4654,2289
4655,2968
4656,2913
4657,1083
4658,1031
4659,1712
4660,1306
4661,2132
4662,811
4663,889
4664,2859
4665,1977
4666,760
4667,2292
4668,2123
4669,1076
4670,2119
4671,589
4672,2357
4673,2029
4674,2606
4675,2824
4676,2223
4677,1005
4678,2960
4679,2560
4680,2122
4681,1653
4682,2155
4683,1449
4684,1858
4685,2355
4686,826
4687,2521
4688,2525
4689,733
4690,1923
4691,890
4692,2233
4693,1054
4694,2394
4695,2514
4696,2189
4697,576
4698,2492
4699,1449
4700,1671
4701,2477
4702,551
4703,690
4704,2708
4705,2320
4706,790
4707,2481
4708,1594
4709,2147
4710,2859
4711,1485
4712,2924
4713,731
4714,550
4715,953
4716,843
4717,1482
4718,2037
4719,1990
4720,1583
4721,2953
4722,1424
4723,2875
4724,2375
4725,1997
4726,1667
4727,707
4728,2652
4729,2434
4730,2608
4731,2297
4732,1129
4733,2257
4734,1016
4735,1279
4736,715
4737,846
4738,2963
4739,717
4740,2684
4741,1748
4742,1958
4743,1891
4744,511
4745,754
4746,1120
4747,2284
4748,1981
4749,1047
4750,1456
4751,1654
4752,2270
4753,1816
4754,1874
4755,1932
4756,1236
4757,1032
4758,2554
4759,1075
4760,670
4761,2309
4762,764
4763,2320
4764,2774
4765,2928
4766,1243
4767,1637
4768,881
4769,2343
4770,689
4771,2262
4772,1803
4773,1769
4774,1558
4775,2293
4776,2572
4777,2828
4778,2826
4779,2379
4780,2292
4781,676
4782,2207
4783,778
4784,628
4785,1154
4786,1410
4787,2109
4788,608
4789,1004
4790,1639
4791,1081
4792,1020
4793,1351
4794,2105
4795,1873
4796,2778
4797,2923
4798,2407
4799,810
4800,962
4801,751
4802,1296
4803,1262
4804,2370
4805,1794
4806,899
4807,2888
4808,2027
4809,2808
4810,1168
4811,889
4812,2918
4813,597
4814,2641
4815,2032
4816,1792
4817,1256
4818,1307
4819,965
4820,2378
4821,962
4822,1641
4823,2415
4824,1240
4825,527
4826,2509
4827,2091
4828,1258
4829,2700
4830,2164
4831,2040
4832,765
4833,2890
4834,1892
4835,1627
4836,683
4837,2305
4838,2891
4839,1017
4840,1337
4841,783
4842,2152
4843,2329
4844,866
4845,1977
4846,1477
4847,1691
4848,1233
4849,1205
4850,824
4851,1074
4852,1895
4853,2905
4854,1058
4855,1541
4856,660
4857,1140
4858,898
4859,1500
4860,2622
4861,2445
4862,1718
4863,2169
4864,2019
4865,1902
4866,1481
4867,2247
4868,2792
4869,1595
4870,1257
4871,598
4872,2718
4873,1627
4874,1795
4875,2810
4876,1734
4877,2593
4878,2005
4879,2196
4880,705
4881,1357
4882,2766
4883,1612
4884,2102
4885,2280
4886,2784
4887,579
4888,2489
4889,989
4890,708
4891,1306
4892,1035
4893,2213
4894,2880
4895,614
4896,1345
4897,2366
4898,2595
4899,2585
4900,2543
4901,591
4902,2800
4903,2616
4904,1789
4905,1257
4906,745
4907,2744
4908,2961
4909,1669
4910,2663
4911,1996
4912,837
4913,2277
4914,2910
4915,2812
4916,845
4917,2472
4918,1069
4919,722
4920,657
4921,1272
4922,1002
4923,1595
4924,1780
4925,2393
4926,2952
4927,2858
4928,1429
4929,914
4930,1548
4931,1250
4932,2069
4933,2379
4934,832
4935,2794
4936,1601
4937,2804
4938,2016
4939,2191
4940,2818
4941,2520
4942,713
4943,2615
4944,2875
4945,2004
4946,2837
4947,2685
4948,2239
4949,1298
4950,821
4951,1402
4952,913
4953,2951
4954,1901
4955,1489
4956,2120
4957,682
4958,1983
4959,2891
4960,704
4961,1374
4962,2555
4963,2146
4964,1695
4965,1818
4966,2105
4967,921
4968,1198
4969,2336
4970,2680
4971,2141
4972,937
4973,1852
4974,1629
4975,939
4976,800
4977,1028
4978,2605
4979,759
4980,2520
4981,2203
4982,924
4983,2553
4984,2257
4985,947
4986,823
4987,2455
4988,2388
4989,2965
4990,672
4991,1396
4992,1263
4993,2488
4994,2773
4995,905
4996,2214
4997,2028
4998,1764
4999,2513
5000,2855
5001,1978
5002,2527
5003,2914
5004,663
5005,1737
5006,865
5007,1962
5008,2811
5009,1003
5010,2461
5011,1957
5012,679
5013,543
5014,671
5015,1348
5016,1477
5017,1985
5018,2945
5019,1282
5020,831
5021,917
5022,2163
5023,2389
5024,1969
5025,994
5026,1473
5027,2387
5028,2668
5029,2723
5030,734
5031,1954
5032,1719
5033,1156
5034,1461
5035,1521
5036,542
5037,800
5038,1739
5039,995
5040,1589
5041,920
5042,1310
5043,1291
5044,1993
5045,2111
5046,813
5047,1511
5048,713
5049,2106
5050,956
5051,1798
5052,1738
5053,758
5054,2694
5055,1087
5056,1680
5057,1143
5058,2859
5059,2810
5060,2171
5061,1867
5062,692
5063,2683
5064,2613
5065,1894
5066,958
5067,2334
5068,2628
5069,1824
5070,569
5071,1508
5072,1510
5073,1626
5074,1059
5075,2912
5076,2833
5077,1247
5078,2890
5079,809
5080,1874
5081,785
5082,1277
5083,1804
5084,544
5085,1146
5086,1977
5087,938
5088,976
5089,1017
5090,890
5091,1988
5092,608
5093,1548
5094,2965
5095,1425
5096,2389
5097,584
5098,932
5099,1699
5100,1675
5101,1044
5102,2507
5103,2455
5104,679
5105,1188
5106,1536
5107,1801
5108,658
5109,2138
5110,2816
5111,1849
5112,682
5113,653
5114,1748
5115,1651
5116,1953
5117,2194
5118,2154
5119,588
5120,1735
5121,1586
5122,2939
5123,2254
5124,2699
5125,654
5126,1761
5127,1697
5128,1735
5129,1950
5130,2531
5131,2469
5132,2821
5133,1855
5134,1361
5135,2059
5136,1095
5137,2286
5138,2258
5139,1075
5140,901
5141,1008
5142,577
5143,1045
5144,2955
5145,2117
5146,1838
5147,1161
5148,1362
5149,788
5150,1147
5151,1514
5152,940
5153,1839
5154,2493
5155,2381
5156,1959
5157,2567
5158,1255
5159,520
5160,1790
5161,2233
5162,1498
5163,627
5164,2031
5165,2969
5166,2497
5167,571
5168,2776
5169,1397
5170,1951
5171,1747
5172,994
5173,1064
5174,1661
5175,2391
5176,1300
5177,1643
5178,1065
5179,1603
5180,1918
5181,2536
5182,528
5183,899
5184,1443
5185,621
5186,2778
5187,1100
5188,1932
5189,2753
5190,2288
5191,1286
5192,840
5193,2621
5194,1447
5195,1300
5196,751
5197,707
5198,1818
5199,553
5200,1630
5201,2595
5202,926
5203,1445
5204,873
5205,2574
5206,2128
5207,2317
5208,2340
5209,2566
5210,513
5211,1697
5212,2176
5213,924
5214,2294
5215,2917
5216,1637
5217,2371
5218,1535
5219,2000
5220,928
5221,2605
5222,1401
5223,1293
5224,1792
5225,2193
5226,2350
5227,930
5228,865
5229,622
5230,1840
5231,1952
5232,1204
5233,1655
5234,1208
5235,965
5236,507
5237,645
5238,1399
5239,2739
5240,1458
5241,2248
5242,1215
5243,2259
5244,2139
5245,1937
5246,2296
5247,782
5248,683
5249,2528
5250,2032
5251,2822
5252,614
5253,1881
5254,1590
5255,1656
5256,1582
5257,1555
5258,1291
5259,554
5260,1659
5261,1043
5262,1032
5263,2376
5264,657
5265,1327
5266,1896
5267,922
5268,1976
5269,2511
5270,2627
5271,530
5272,637
5273,2277
5274,2753
5275,1068
5276,2816
5277,1005
5278,1795
5279,2203
5280,2834
5281,2714
5282,730
5283,872
5284,673
5285,1206
5286,1220
5287,2495
5288,861
5289,1727
5290,2534
5291,2556
5292,1600
5293,2519
5294,2960
5295,1197
5296,1062
5297,1507
5298,2655
5299,2503
5300,1546
5301,2656
5302,1494
5303,2738
5304,1735
5305,2693
5306,1660
5307,511
5308,2239
5309,1509
5310,2998
5311,1649
5312,2952
5313,1680
5314,2820
5315,893
5316,708
5317,1159
5318,1632
5319,1305
5320,2399
5321,1282
5322,1767
5323,2873
5324,2794
5325,667
5326,1938
5327,1921
5328,1889
5329,2874
5330,1314
5331,2145
5332,2896
5333,2649
5334,2691
5335,1629
5336,1221
5337,1040
5338,1270
5339,1949
5340,1339
5341,2325
5342,2641
5343,2941
5344,1962
5345,2160
5346,1110
5347,691
5348,2301
5349,858
5350,2497
5351,2826
5352,2905
5353,1170
5354,1905
5355,616
5356,924
5357,2051
5358,2805
5359,2688
5360,2384
5361,1058
5362,1511
5363,869
5364,2136
5365,2303
5366,1381
5367,2492
5368,1820
5369,2990
5370,850
5371,764
5372,1062
5373,2007
5374,2041
5375,2729
5376,1478
5377,2300
5378,2055
5379,2915
5380,1310
5381,2803
5382,810
5383,1555
5384,2303
5385,1802
5386,1641
5387,1751
5388,512
5389,1849
5390,950
5391,1920
5392,2680
5393,1828
5394,1110
5395,2033
5396,2680
5397,1589
5398,2161
5399,770
5400,560
5401,1663
5402,1697
5403,1476
5404,2471
5405,1755
5406,2906
5407,2753
5408,1782
5409,2440
5410,1231
5411,1731
5412,2109
5413,593
5414,2173
5415,2505
5416,1954
5417,876
5418,1040
5419,1912
5420,627
5421,985
5422,841
5423,1349
5424,1088
5425,1772
5426,1938
5427,1829
5428,2371
5429,2277
5430,1612
5431,1425
5432,2097
5433,528
5434,1208
5435,1169
5436,2683
5437,2085
5438,2590
5439,1438
5440,2921
5441,2882
5442,1148
5443,751
5444,2320
5445,1739
5446,1074
5447,2172
5448,1872
5449,2860
5450,1777
5451,2838
5452,2810
5453,2448
5454,2706
5455,1809
5456,2677
5457,659
5458,1175
5459,1244
5460,748
5461,1751
5462,2708
5463,2588
5464,2343
5465,2532
5466,819
5467,2911
5468,2965
5469,2032
5470,2053
5471,2818
5472,1504
5473,796
5474,1167
5475,2083
5476,2753
5477,2929
5478,2046
5479,2219
5480,1272
5481,1712
5482,1092
5483,2624
5484,1499
5485,815
5486,1750
5487,1387
5488,1430
5489,769
5490,1496
5491,1459
5492,1520
5493,2609
5494,1466
5495,2899
5496,2397
5497,2016
5498,1403
5499,1565
5500,2493
5501,1374
5502,2035
5503,1749
5504,1058
5505,579
5506,1828
5507,2352
5508,1958
5509,2317
5510,2002
5511,1534
5512,1712
5513,892
5514,2410
5515,2117
5516,798
5517,1008
5518,2981
5519,2312
5520,1073
5521,2250
5522,2212
5523,1312
5524,582
5525,641
5526,741
5527,2603
5528,1249
5529,2072
5530,684
5531,1137
5532,1827
5533,1724
5534,1236
5535,1247
5536,1420
5537,736
5538,2148
5539,856
5540,2141
5541,1491
5542,1726
5543,816
5544,1540
5545,574
5546,1823
5547,1076
5548,2866
5549,500
5550,786
5551,2442
5552,1678
5553,675
5554,2237
5555,2255
5556,1758
5557,672
5558,1417
5559,1993
5560,2093
5561,1438
5562,1354
5563,2214
5564,2668
5565,2979
5566,2488
5567,2176
5568,2520
5569,1928
5570,2404
5571,1573
5572,2786
5573,2685
5574,1254
5575,1794
5576,2808
5577,753
5578,1190
5579,645
5580,2160
5581,1985
5582,2841
5583,2570
5584,1269
5585,1121
5586,1881
5587,2799
5588,1708
5589,2731
5590,1253
5591,806
5592,999
5593,1146
5594,2310
5595,1220
5596,2591
5597,2546
5598,1451
5599,2848
5600,2004
5601,955
5602,616
5603,2183
5604,1835
5605,1187
5606,1892
5607,2984
5608,2876
5609,861
5610,758
5611,1931
5612,2763
5613,2613
5614,2084
5615,1799
5616,1678
5617,1930
5618,1632
5619,2542
5620,1905
5621,1600
5622,2709
5623,2070
5624,827
5625,2932
5626,2578
5627,788
5628,2018
5629,2418
5630,639
5631,668
5632,1915
5633,2126
5634,1295
5635,2279
5636,1177
5637,990
5638,2923
5639,2069
5640,1463
5641,1411
5642,1863
5643,2512
5644,2757
5645,1743
5646,1744
5647,2272
5648,1225
5649,1948
5650,2299
5651,2991
5652,1103
5653,2881
5654,2349
5655,1170
5656,2916
5657,2154
5658,1944
5659,2712
5660,2272
5661,2236
5662,2236
5663,1478
5664,2268
5665,834
5666,1572
5667,2763
5668,1318
5669,1318
5670,516
5671,2792
5672,883
5673,1608
5674,1855
5675,1428
5676,1202
5677,552
5678,1622
5679,2879
5680,886
5681,1482
5682,2971
5683,1041
5684,2807
5685,1838
5686,2948
5687,1770
5688,2988
5689,748
5690,2914
5691,1772
5692,2660
5693,1105
5694,1184
5695,2015
5696,991
5697,1231
5698,974
5699,1330
5700,655
5701,1126
5702,2052
5703,1925
5704,1871
5705,2103
5706,2170
5707,1437
5708,1590
5709,757
5710,2822
5711,2617
5712,2788
5713,2403
5714,2515
5715,2452
5716,2874
5717,546
5718,1899
5719,2555
5720,2237
5721,2931
5722,1007
5723,1081
5724,1953
5725,1932
5726,2602
5727,2523
5728,1569
5729,697
5730,2891
5731,1938
5732,2946
5733,2812
5734,1005
5735,1694
5736,1283
5737,1091
5738,2895
5739,1208
5740,1952
5741,2763
5742,1395
5743,2606
5744,774
5745,2125
5746,2335
5747,1256
5748,2822
5749,1028
5750,1009
5751,2783
5752,1757
5753,2869
5754,902
5755,1608
5756,2193
5757,1916
5758,1303
5759,2790
5760,2044
5761,1334
5762,2427
5763,1693
5764,2322
5765,2975
5766,538
5767,641
5768,2716
5769,2200
5770,2836
5771,1338
5772,2771
5773,2494
5774,897
5775,1596
5776,911
5777,1627
5778,2579
5779,2339
5780,623
5781,1956
5782,693
5783,505
5784,1066
5785,2583
5786,1022
5787,1035
5788,2192
5789,1009
5790,1984
5791,1017
5792,2684
5793,2898
5794,2371
5795,2313
5796,2715
5797,1733
5798,2774
5799,2267
5800,908
5801,1023
5802,2547
5803,2065
5804,1015
5805,2073
5806,1426
5807,536
5808,1149
5809,1645
5810,2847
5811,1266
5812,2379
5813,653
5814,2911
5815,2082
5816,953
5817,1201
5818,1406
5819,909
5820,2522
5821,2182
5822,2763
5823,690
5824,1825
5825,1505
5826,895
5827,1869
5828,2602
5829,1681
5830,1301
5831,702
5832,2303
5833,1152
5834,1853
5835,1565
5836,2743
5837,2146
5838,2451
5839,2741
5840,2744
5841,1052
5842,618
5843,1766
5844,1613
5845,723
5846,2663
5847,1094
5848,719
5849,2810
5850,2297
5851,1434
5852,2078
5853,1448
5854,1996
5855,1832
5856,1689
5857,2636
5858,1374
5859,910
5860,2310
5861,1559
5862,1020
5863,2662
5864,1609
5865,1868
5866,2095
5867,2009
5868,1938
5869,961
5870,1773
5871,1122
5872,2593
5873,2668
5874,2787
5875,2074
5876,2239
5877,2551
5878,1265
5879,1269
5880,577
5881,2793
5882,2054
5883,1727
5884,1557
5885,1085
5886,2446
5887,2085
5888,2173
5889,1252
5890,2376
5891,2205
5892,1154
5893,606
5894,2224
5895,2918
5896,1058
5897,858
5898,2840
5899,2193
5900,513
5901,1243
5902,1991
5903,2078
5904,2061
5905,637
5906,1040
5907,2135
5908,1027
5909,1493
5910,1370
5911,1307
5912,1261
5913,2755
5914,1915
5915,2817
5916,2329
5917,2787
5918,622
5919,1678
5920,1632
5921,1654
5922,2482
5923,2876
5924,1292
5925,2581
5926,858
5927,2862
5928,1303
5929,922
5930,759
5931,1478
5932,524
5933,927
5934,2518
5935,2761
5936,684
5937,2007
5938,1209
5939,944
5940,1822
5941,1037
5942,1887
5943,2023
5944,1543
5945,988
5946,2064
5947,1654
5948,1109
5949,678
5950,710
5951,1746
5952,801
5953,2681
5954,1277
5955,1119
5956,2779
5957,2430
5958,936
5959,2165
5960,1715
5961,1259
5962,2134
5963,1909
5964,1391
5965,888
5966,828
5967,1578
5968,1655
5969,2465
5970,1206
5971,1406
5972,1377
5973,1719
5974,1541
5975,2180
5976,1279
5977,536
5978,2156
5979,2078
5980,1564
5981,2710
5982,2722
5983,2247
5984,541
5985,2591
5986,2350
5987,1878
5988,2690
5989,1381
5990,1970
5991,2767
5992,2125
5993,2645
5994,1803
5995,2234
5996,932
5997,2171
5998,1942
5999,2207
6000,1213
6001,2640
6002,1948
6003,1125
6004,544
6005,992
6006,1423
6007,2067
6008,948
6009,1543
6010,2919
6011,1107
6012,1286
6013,589
6014,2241
6015,804
6016,1515
6017,1555
6018,1202
6019,1778
6020,1388
6021,1114
6022,2385
6023,1797
6024,1187
6025,1732
6026,1831
6027,2646
6028,2679
6029,2435
6030,1042
6031,1027
6032,1191
6033,2191
6034,1999
6035,2908
6036,2995
6037,2750
6038,1860
6039,2878
6040,801
6041,2983
6042,645
6043,964
6044,2764
6045,2134
6046,1814
6047,1104
6048,1763
6049,1717
6050,1090
6051,2312
6052,2525
6053,2809
6054,1366
6055,821
6056,1398
6057,1560
6058,1166
6059,1868
6060,1290
6061,1068
6062,2075
6063,1472
6064,2219
6065,1316
6066,637
6067,1602
6068,1615
6069,1349
6070,979
6071,1307
6072,1190
6073,1984
6074,1797
6075,2561
6076,2618
6077,2558
6078,1027
6079,2976
6080,1075
6081,1174
6082,1697
6083,632
6084,1313
6085,2265
6086,1235
6087,2107
6088,2451
6089,798
6090,1484
6091,684
6092,2204
6093,838
6094,2717
6095,2817
6096,1847
6097,2333
6098,1599
6099,2112
6100,2096
6101,1733
6102,2893
6103,2901
6104,2541
6105,1323
6106,2380
6107,2686
6108,2597
6109,1791
6110,682
6111,1847
6112,1125
6113,1711
6114,1747
6115,1611
6116,2511
6117,1741
6118,793
6119,2864
6120,549
6121,1318
6122,2771
6123,2054
6124,857
6125,619
6126,529
6127,960
6128,2048
6129,2755
6130,2482
6131,2116
6132,2551
6133,2382
6134,1891
6135,1849
6136,2842
6137,2486
6138,2328
6139,2588
6140,1170
6141,505
6142,1264
6143,1668
6144,2419
6145,1090
6146,2679
6147,1906
6148,1454
6149,1385
6150,2944
6151,727
6152,580
6153,503
6154,1995
6155,1980
6156,2134
6157,1385
6158,1427
6159,2964
6160,1918
6161,1824
6162,929
6163,1168
6164,2740
6165,1919
6166,808
6167,939
6168,2199
6169,2710
6170,2167
6171,2182
6172,2407
6173,859
6174,1119
6175,759
6176,1814
6177,1608
6178,1422
6179,1830
6180,1853
6181,1896
6182,2953
6183,1180
6184,1850
6185,2036
6186,1556
6187,1121
6188,2402
6189,2840
6190,714
6191,1246
6192,960
6193,958
6194,1846
6195,2298
6196,670
6197,1563
6198,2686
6199,2094
6200,503
6201,1120
6202,1969
6203,1916
6204,1344
6205,1747
6206,817
6207,2826
6208,1959
6209,2489
6210,666
6211,1701
6212,1321
6213,909
6214,2810
6215,2641
6216,1486
6217,1251
6218,1414
6219,2160
6220,2534
6221,526
6222,2034
6223,1838
6224,567
6225,1369
6226,1191
6227,882
6228,1559
6229,631
6230,1901
6231,2527
6232,2951
6233,1755
6234,2752
6235,772
6236,733
6237,2034
6238,1761
6239,1225
6240,2936
6241,1819
6242,1923
6243,2153
6244,1957
6245,1683
6246,2932
6247,737
6248,2478
6249,939
6250,2927
6251,2294
6252,2525
6253,2629
6254,2239
6255,2919
6256,1416
6257,2286
6258,917
6259,1772
6260,2098
6261,1626
6262,571
6263,2923
6264,2149
6265,791
6266,1556
6267,2554
6268,787
6269,2187
6270,2461
6271,2368
6272,2948
6273,2482
6274,2585
6275,1523
6276,1662
6277,2103
6278,1115
6279,2572
6280,2105
6281,1592
6282,549
6283,1693
6284,2325
6285,1530
6286,1334
6287,952
6288,2273
6289,1163
6290,2667
6291,2979
6292,1916
6293,1750
6294,1879
6295,1354
6296,1229
6297,1285
6298,2200
6299,910
6300,2059
6301,1979
6302,1838
6303,1466
6304,1109
6305,2723
6306,1936
6307,2824
6308,2181
6309,1799
6310,1726
6311,540
6312,2297
6313,2755
6314,2830
6315,1697
6316,2158
6317,2573
6318,1112
6319,1503
6320,540
6321,1598
6322,1817
6323,1302
6324,2893
6325,1583
6326,2450
6327,2740
6328,2496
6329,2596
6330,1055
6331,1925
6332,1936
6333,2731
6334,1738
6335,2635
6336,930
6337,943
6338,1972
6339,1001
6340,532
6341,1041
6342,2611
6343,2822
6344,2923
6345,1764
6346,2800
6347,2054
6348,2105
6349,850
6350,1523
6351,740
6352,1289
6353,2698
6354,2031
6355,2772
6356,1404
6357,1399
6358,2791
6359,1377
6360,922
6361,1452
6362,1768
6363,1558
6364,788
6365,1392
6366,2676
6367,722
6368,1501
6369,2510
6370,1077
6371,1371
6372,2602
6373,1928
6374,2285
6375,2169
6376,2973
6377,2085
6378,1348
6379,1372
6380,937
6381,1401
6382,2084
6383,2802
6384,2021
6385,2853
6386,2149
6387,1340
6388,1171
6389,2139
6390,2032
6391,631
6392,1217
6393,1881
6394,2580
6395,2009
6396,1985
6397,858
6398,1966
6399,1370
6400,2983
6401,1001
6402,1046
6403,1028
6404,1784
6405,2409
6406,2614
6407,2127
6408,1668
6409,2658
6410,1914
6411,913
6412,1073
6413,2325
6414,1246
6415,2570
6416,2837
6417,2692
6418,2502
6419,2342
6420,2262
6421,903
6422,1447
6423,2765
6424,1422
6425,1555
6426,908
6427,976
6428,1269
6429,2594
6430,2063
6431,2019
6432,2839
6433,1342
6434,1752
6435,1258
6436,2413
6437,540
6438,898
6439,2422
6440,708
6441,1596
6442,1779
6443,1863
6444,1548
6445,2959
6446,1992
6447,596
6448,2264
6449,798
6450,1417
6451,2874
6452,715
6453,2954
6454,2766
6455,984
6456,2941
6457,2461
6458,2805
6459,1461
6460,605
6461,670
6462,875
6463,2153
6464,2568
6465,915
6466,2984
6467,2236
6468,2863
6469,2364
6470,2413
6471,2520
6472,636
6473,1940
6474,1255
6475,1766
6476,2921
6477,2442
6478,1997
6479,1037
6480,803
6481,2357
6482,1220
6483,2997
6484,1069
6485,1939
6486,2099
6487,2698
6488,1492
6489,2792
6490,2319
6491,1638
6492,1560
6493,1442
6494,1601
6495,625
6496,2385
6497,2494
6498,1471
6499,2945
6500,2374
6501,2607
6502,920
6503,1597
6504,2961
6505,2325
6506,1958
6507,1859
6508,1462
6509,1339
6510,2126
6511,596
6512,2288
6513,655
6514,1027
6515,2475
6516,1705
6517,634
6518,1691
6519,2619
6520,1505
6521,567
6522,1017
6523,1916
6524,1276
6525,1797
6526,1738
6527,1596
6528,1995
6529,2622
6530,1071
6531,981
6532,2008
6533,2106
6534,2359
6535,1269
6536,1107
6537,2210
6538,1425
6539,795
6540,1143
6541,2557
6542,964
6543,1853
6544,695
6545,2256
6546,2837
6547,2095
6548,1187
6549,2969
6550,2859
6551,2846
6552,872
6553,2568
6554,836
6555,2485
6556,973
6557,1467
6558,1312
6559,1813
6560,821
6561,908
6562,2324
6563,2492
6564,1665
6565,1203
6566,2126
6567,701
6568,887
6569,584
6570,1600
6571,1493
6572,1544
6573,2399
6574,1157
6575,1733
6576,2104
6577,1268
6578,2031
6579,971
6580,1043
6581,771
6582,1449
6583,758
6584,1295
6585,932
6586,2064
6587,2496
6588,1360
6589,2034
6590,1531
6591,2327
6592,2400
6593,2175
6594,2046
6595,1797
6596,1462
6597,2095
6598,1292
6599,1710
6600,618
6601,1407
6602,994
6603,2331
6604,2438
6605,773
6606,1169
6607,2570
6608,2444
6609,2323
6610,1490
6611,1833
6612,1081
6613,1710
6614,2383
6615,1396
6616,1331
6617,1592
6618,1274
6619,1173
6620,1493
6621,2246
6622,2934
6623,1064
6624,2620
6625,1110
6626,1039
6627,1391
6628,1108
6629,1235
6630,649
6631,1412
6632,1132
6633,1292
6634,926
6635,616
6636,1429
6637,1230
6638,2708
6639,1280
6640,513
6641,1783
6642,1910
6643,1926
6644,1025
6645,2022
6646,1131
6647,559
6648,2738
6649,2792
6650,1754
6651,998
6652,2286
6653,1033
6654,2785
6655,2372
6656,1506
6657,567
6658,2581
6659,2673
6660,2965
6661,563
6662,2398
6663,2917
6664,2932
6665,1626
6666,1327
6667,1443
6668,727
6669,2248
6670,711
6671,937
6672,1490
6673,890
6674,1632
6675,2224
6676,764
6677,1660
6678,1499
6679,623
6680,1386
6681,2306
6682,985
6683,2836
6684,1872
6685,2690
6686,2305
6687,2870
6688,670
6689,2905
6690,2123
6691,2870
6692,1287
6693,1253
6694,1973
6695,1014
6696,769
6697,2648
6698,1836
6699,2168
6700,1509
6701,1486
6702,1518
6703,2939
6704,1923
6705,1498
6706,1499
6707,1065
6708,2704
6709,2678
6710,2837
6711,2174
6712,1399
6713,2123
6714,1849
6715,1079
6716,2546
6717,2874
6718,1874
6719,1513
6720,515
6721,2773
6722,1522
6723,2860
6724,2985
6725,2262
6726,1910
6727,2056
6728,1410
6729,2684
6730,2790
6731,1681
6732,1303
6733,1840
6734,2747
6735,2452
6736,1804
6737,2613
6738,2287
6739,2747
6740,1745
6741,1435
6742,1442
6743,2397
6744,2298
6745,1746
6746,2108
6747,2609
6748,2951
6749,1193
6750,1164
6751,1704
6752,2096
6753,2632
6754,1308
6755,695
6756,1795
6757,851
6758,1674
6759,2466
6760,1339
6761,627
6762,1607
6763,2869
6764,926
6765,941
6766,766
6767,2126
6768,2283
6769,855
6770,1889
6771,1765
6772,2668
6773,749
6774,2186
6775,1184
6776,600
6777,761
6778,620
6779,1568
6780,1295
6781,2824
6782,1075
6783,1471
6784,2831
6785,2887
6786,2160
6787,565
6788,1666
6789,1684
6790,1565
6791,2704
6792,1245
6793,2753
6794,2543
6795,737
6796,984
6797,1236
6798,2292
6799,2749
6800,1358
6801,1271
6802,893
6803,2301
6804,1320
6805,2443
6806,1091
6807,1941
6808,653
6809,2028
6810,574
6811,1367
6812,2800
6813,2714
6814,2047
6815,2038
6816,1072
6817,2417
6818,1251
6819,793
6820,1329
6821,1816
6822,2107
6823,2610
6824,1157
6825,698
6826,2269
6827,2542
6828,687
6829,1652
6830,1376
6831,1768
6832,513
6833,2804
6834,1817
6835,1846
6836,1730
6837,2620
6838,2305
6839,1434
6840,520
6841,2056
6842,1129
6843,1940
6844,1867
6845,2786
6846,995
6847,2272
6848,2081
6849,1792
6850,564
6851,2597
6852,607
6853,1121
6854,1567
6855,2366
6856,2254
6857,667
6858,2020
6859,1807
6860,1607
6861,2647
6862,712
6863,1985
6864,1556
6865,2857
6866,813
6867,2843
6868,2500
6869,2626
6870,2233
6871,608
6872,698
6873,1530
6874,2603
6875,1831
6876,2408
6877,555
6878,1756
6879,2502
6880,2784
6881,2034
6882,1891
6883,734
6884,2477
6885,844
6886,1325
6887,2374
6888,856
6889,2748
6890,845
6891,1893
6892,994
6893,2657
6894,2043
6895,2351
6896,511
6897,2140
6898,1718
6899,527
6900,1330
6901,548
6902,2558
6903,2095
6904,1562
6905,1876
6906,2951
6907,2291
6908,2121
6909,612
6910,1829
6911,1632
6912,557
6913,1880
6914,2354
6915,1993
6916,1332
6917,1106
6918,509
6919,1566
6920,593
6921,2602
6922,1636
6923,2121
6924,2566
6925,885
6926,2649
6927,1374
6928,642
6929,1359
6930,1525
6931,1516
6932,2016
6933,944
6934,2923
6935,1199
6936,2196
6937,1090
6938,1432
6939,1395
6940,2067
6941,1320
6942,891
6943,1914
6944,1600
6945,1078
6946,1270
6947,798
6948,1825
6949,1853
6950,942
6951,1734
6952,1142
6953,2400
6954,1622
6955,671
6956,706
6957,2362
6958,1012
6959,2604
6960,751
6961,2117
6962,1187
6963,1781
6964,1108
6965,1049
6966,1656
6967,2785
6968,2250
6969,1036
6970,1698
6971,2326
6972,1180
6973,1719
6974,1910
6975,2516
6976,1795
6977,2746
6978,1747
6979,2884
6980,1050
6981,1436
6982,2425
6983,1986
6984,1996
6985,1495
6986,2336
6987,1669
6988,1313
6989,1414
6990,636
6991,1601
6992,1617
6993,651
6994,507
6995,1590
6996,1105
6997,944
6998,2138
6999,1311
7000,1960
7001,2394
7002,558
7003,1669
7004,1895
7005,1253
7006,2481
7007,2463
7008,2203
7009,2621
7010,856
7011,1697
7012,2144
7013,1731
7014,2698
7015,1329
7016,2212
7017,571
7018,1340
7019,2930
7020,854
7021,2148
7022,1412
7023,1647
7024,2154
7025,1419
7026,1172
7027,1416
7028,2982
7029,2735
7030,520
7031,2592
7032,828
7033,1969
7034,2170
7035,2337
7036,893
7037,1762
7038,2010
7039,1296
7040,767
7041,1902
7042,2081
7043,953
7044,1341
7045,2295
7046,2325
7047,1667
7048,1850
7049,1963
7050,597
7051,975
7052,1359
7053,575
7054,886
7055,2994
7056,1159
7057,1236
7058,2366
7059,1275
7060,649
7061,1996
7062,678
7063,1185
7064,2221
7065,646
7066,865
7067,1177
7068,1759
7069,1462
7070,1469
7071,861
7072,2012
7073,1065
7074,2584
7075,2593
7076,1263
7077,994
7078,847
7079,2617
7080,2564
7081,2276
7082,1023
7083,1527
7084,2890
7085,2787
7086,878
7087,2855
7088,2325
7089,1941
7090,2646
7091,2039
7092,1179
7093,1269
7094,538
7095,2089
7096,1978
7097,2977
7098,2423
7099,2344
7100,681
7101,1881
7102,1232
7103,2709
7104,569
7105,1352
7106,1136
7107,2657
7108,1690
7109,1421
7110,2354
7111,2763
7112,1671
7113,529
7114,2531
7115,620
7116,2931
7117,1707
7118,1858
7119,2498
7120,1638
7121,2942
7122,2949
7123,2176
7124,2181
7125,1843
7126,1509
7127,2535
7128,628
7129,2301
7130,944
7131,1032
7132,862
7133,1736
7134,2677
7135,723
7136,2371
7137,2864
7138,2871
7139,1873
7140,2478
7141,1124
7142,2921
7143,2640
7144,1859
7145,2298
7146,1447
7147,2367
7148,1632
7149,1384
7150,2036
7151,2792
7152,696
7153,956
7154,2019
7155,650
7156,1830
7157,2357
7158,1460
7159,678
7160,935
7161,958
7162,2722
7163,865
7164,2854
7165,2900
7166,2719
7167,1338
7168,776
7169,982
7170,2683
7171,734
7172,1340
7173,1796
7174,2813
7175,1243
7176,801
7177,1388
7178,2301
7179,1088
7180,1069
7181,2380
7182,1555
7183,559
7184,2897
7185,2383
7186,2733
7187,1518
7188,2442
7189,1258
7190,1363
7191,2363
7192,1699
7193,1967
7194,2897
7195,2688
7196,787
7197,1513
7198,1570
7199,2016
7200,1338
7201,641
7202,2098
7203,1738
7204,1401
7205,2039
7206,2254
7207,1576
7208,2552
7209,2339
7210,861
7211,2815
7212,1568
7213,2655
7214,1701
7215,981
7216,1472
7217,1966
7218,2725
7219,844
7220,2598
7221,2496
7222,1929
7223,2702
7224,1884
7225,765
7226,1457
7227,1339
7228,1905
7229,1996
7230,2636
7231,1527
7232,1597
7233,2360
7234,2487
7235,1662
7236,2936
7237,1100
7238,2596
7239,1404
7240,2212
7241,980
7242,1949
7243,2608
7244,2655
7245,2011
7246,1297
7247,1833
7248,1822
7249,743
7250,2437
7251,2760
7252,2374
7253,2188
7254,1209
7255,2674
7256,1458
7257,2506
7258,1102
7259,2264
7260,2458
7261,2556
7262,2051
7263,556
7264,763
7265,792
7266,1947
7267,540
7268,2427
7269,1973
7270,2926
7271,758
7272,1046
7273,1457
7274,1321
7275,1907
7276,2381
7277,1244
7278,607
7279,1964
7280,859
7281,645
7282,957
7283,2513
7284,1339
7285,2415
7286,687
7287,1030
7288,1527
7289,1519
7290,2120
7291,1031
7292,2294
7293,2764
7294,2075
7295,2382
7296,1285
7297,2706
7298,1763
7299,1496
7300,2191
7301,859
7302,2243
7303,2644
7304,1513
7305,2385
7306,782
7307,1846
7308,593
7309,2683
7310,1447
7311,520
7312,2188
7313,1044
7314,1113
7315,2862
7316,611
7317,908
7318,852
7319,2486
7320,2713
7321,2093
7322,686
7323,2674
7324,1794
7325,680
7326,1727
7327,1803
7328,2162
7329,1119
7330,2259
7331,1492
7332,1988
7333,2391
7334,2482
7335,1576
7336,1680
7337,1298
7338,2659
7339,1546
7340,1755
7341,2644
7342,598
7343,1821
7344,2909
7345,510
7346,2101
7347,521
7348,1396
7349,2428
7350,653
7351,1659
7352,1766
7353,1565
7354,1584
7355,840
7356,2958
7357,1920
7358,1176
7359,1667
7360,1653
7361,1329
7362,1450
7363,1229
7364,2304
7365,1372
7366,2409
7367,2122
7368,2000
7369,1337
7370,2769
7371,2866
7372,2137
7373,1049
7374,2564
7375,1594
7376,2921
7377,1595
7378,2181
7379,2615
7380,770
7381,1827
7382,2569
7383,2469
7384,767
7385,1109
7386,2519
7387,2259
7388,2610
7389,1891
7390,2029
7391,2204
7392,2501
7393,2330
7394,2508
7395,2513
7396,2667
7397,2341
7398,1318
7399,2787
7400,1628
7401,756
7402,2899
7403,1704
7404,1129
7405,2164
7406,1333
7407,649
7408,853
7409,715
7410,2915
7411,2856
7412,2691
7413,1739
7414,1386
7415,2187
7416,2023
7417,2260
7418,2502
7419,1543
7420,2337
7421,1652
7422,1188
7423,2559
7424,2074
7425,727
7426,507
7427,2412
7428,2181
7429,2448
7430,679
7431,1690
7432,652
7433,2363
7434,2341
7435,1350
7436,793
7437,1298
7438,1834
7439,2030
7440,1720
7441,1940
7442,2855
7443,957
7444,1440
7445,758
7446,2345
7447,2129
7448,1101
7449,1269
7450,1352
7451,2833
7452,1877
7453,2368
7454,533
7455,1143
7456,567
7457,2846
7458,1515
7459,969
7460,1453
7461,2724
7462,2768
7463,789
7464,1274
7465,755
7466,1429
7467,800
7468,2039
7469,2741
7470,594
7471,751
7472,2744
7473,2922
7474,1340
7475,1122
7476,882
7477,2145
7478,1557
7479,1476
7480,2408
7481,2604
7482,2201
7483,1998
7484,1111
7485,2565
7486,2006
7487,546
7488,890
7489,2784
7490,1461
7491,1665
7492,1530
7493,877
7494,1938
7495,596
7496,2140
7497,1178
7498,1877
7499,1775
7500,675
7501,696
7502,918
7503,1299
7504,1899
7505,2713
7506,2861
7507,2549
7508,2147
7509,2858
7510,1003
7511,1764
7512,2962
7513,2323
7514,2801
7515,2307
7516,1504
7517,2338
7518,1539
7519,1129
7520,657
7521,1107
7522,618
7523,2708
7524,2664
7525,1775
7526,595
7527,1652
7528,997
7529,1802
7530,2548
7531,2923
7532,653
7533,776
7534,775
7535,684
7536,1701
7537,2601
7538,1322
7539,703
7540,2060
7541,938
7542,923
7543,2217
7544,1777
7545,2176
7546,951
7547,2986
7548,1562
7549,1531
7550,2330
7551,2724
7552,1649
7553,2968
7554,1615
7555,1488
7556,1629
7557,588
7558,2329
7559,883
7560,2248
7561,2144
7562,1099
7563,978
7564,1379
7565,2977
7566,1880
7567,699
7568,628
7569,636
7570,1893
7571,1393
7572,1110
7573,2124
7574,2315
7575,2327
7576,1250
7577,2381
7578,1905
7579,877
7580,879
7581,2725
7582,2956
7583,681
7584,1365
7585,1477
7586,1268
7587,896
7588,547
7589,1666
7590,1951
7591,825
7592,2564
7593,988
7594,1566
7595,1602
7596,2154
7597,2403
7598,693
7599,1625
7600,1686
7601,1552
7602,2468
7603,1244
7604,1676
7605,1144
7606,2878
7607,2201
7608,2260
7609,2808
7610,2650
7611,1002
7612,1982
7613,2336
7614,2464
7615,1853
7616,1448
7617,2290
7618,913
7619,2266
7620,2110
7621,569
7622,780
7623,2259
7624,2889
7625,1692
7626,2946
7627,2460
7628,1701
7629,748
7630,1296
7631,712
7632,2210
7633,2022
7634,1195
7635,2060
7636,2108
7637,2831
7638,1919
7639,1852
7640,977
7641,2961
7642,2431
7643,1898
7644,1939
7645,2363
7646,2946
7647,1939
7648,2421
7649,1103
7650,2438
7651,588
7652,2917
7653,1599
7654,2848
7655,994
7656,1183
7657,856
7658,634
7659,2723
7660,740
7661,1416
7662,1495
7663,633
7664,1336
7665,2622
7666,1618
7667,2877
7668,1218
7669,1586
7670,2470
7671,2141
7672,688
7673,986
7674,975
7675,2533
7676,2195
7677,2040
7678,2972
7679,887
7680,1662
7681,2738
7682,2346
7683,2562
7684,2790
7685,1075
7686,2756
7687,678
7688,2364
7689,2669
7690,1421
7691,2734
7692,2274
7693,501
7694,1042
7695,906
7696,2191
7697,2908
7698,693
7699,766
7700,2980
7701,917
7702,2458
7703,782
7704,1177
7705,2332
7706,2458
7707,1026
7708,557
7709,2291
7710,2633
7711,1984
7712,929
7713,792
7714,2200
7715,1969
7716,2444
7717,1067
7718,2698
7719,616
7720,2654
7721,555
7722,877
7723,2358
7724,1570
7725,1830
7726,2600
7727,1976
7728,2089
7729,987
7730,2848
7731,2086
7732,840
7733,749
7734,827
7735,1421
7736,2076
7737,1252
7738,2220
7739,2034
7740,2279
7741,714
7742,2604
7743,1030
7744,2106
7745,1933
7746,2266
7747,1961
7748,2755
7749,2014
7750,902
7751,1551
7752,2593
7753,1302
7754,2128
7755,1044
7756,724
7757,2422
7758,749
7759,2698
7760,712
7761,1682
7762,2497
7763,2751
7764,1227
7765,579
7766,1602
7767,705
7768,2697
7769,955
7770,2708
7771,2961
7772,2289
7773,2598
7774,1883
7775,2239
7776,2780
7777,2502
7778,1859
7779,2899
7780,1767
7781,2278
7782,2278
7783,1666
7784,785
7785,746
7786,521
7787,1911
7788,678
7789,2365
7790,1531
7791,946
7792,2751
7793,1580
7794,2420
7795,1391
7796,1099
7797,1902
7798,1124
7799,844
7800,528
7801,775
7802,1099
7803,1359
7804,2625
7805,2060
7806,2267
7807,1563
7808,1201
7809,2205
7810,2321
7811,1173
7812,2510
7813,1160
7814,976
7815,2003
7816,1094
7817,2283
7818,2482
7819,2534
7820,2443
7821,1725
7822,519
7823,2576
7824,1291
7825,1036
7826,2258
7827,2210
7828,1703
7829,2433
7830,589
7831,1284
7832,709
7833,2370
7834,2766
7835,2090
7836,1567
7837,1273
7838,2652
7839,2414
7840,741
7841,1408
7842,1584
7843,953
7844,840
7845,1810
7846,958
7847,2570
7848,1149
7849,525
7850,2865
7851,1327
7852,2110
7853,536
7854,1260
7855,2130
7856,566
7857,2840
7858,2931
7859,1258
7860,2651
7861,1041
7862,584
7863,2969
7864,2267
7865,2710
7866,1573
7867,2768
7868,1897
7869,2823
7870,2229
7871,2579
7872,974
7873,2631
7874,1950
7875,1583
7876,2247
7877,2394
7878,1145
7879,2027
7880,2284
7881,1574
7882,1615
7883,758
7884,1676
7885,911
7886,2024
7887,988
7888,2763
7889,1497
7890,1273
7891,1158
7892,2663
7893,2337
7894,2785
7895,2329
7896,2031
7897,2679
7898,977
7899,1103
7900,760
7901,659
7902,1763
7903,1977
7904,2077
7905,2873
7906,1604
7907,1464
7908,1674
7909,778
7910,1341
7911,1880
7912,2266
7913,587
7914,1475
7915,1394
7916,1256
7917,2988
7918,2008
7919,973
7920,2360
7921,1040
7922,1511
7923,2553
7924,1897
7925,2117
7926,1239
7927,1073
7928,1743
7929,1447
7930,955
7931,2610
7932,1144
7933,917
7934,1731
7935,2487
7936,2257
7937,2285
7938,1445
7939,1961
7940,2854
7941,2501
7942,2403
7943,819
7944,2551
7945,841
7946,612
7947,888
7948,1923
7949,519
7950,2985
7951,1096
7952,1413
7953,1959
7954,2912
7955,1990
7956,2464
7957,2609
7958,1399
7959,828
7960,1157
7961,2793
7962,1878
7963,2158
7964,1230
7965,1579
7966,2322
7967,2475
7968,2312
7969,2570
7970,2979
7971,2379
7972,2358
7973,1581
7974,1068
7975,2552
7976,2282
7977,2670
7978,2151
7979,1948
7980,2739
7981,1481
7982,2516
7983,1023
7984,1797
7985,2985
7986,939
7987,2418
7988,1459
7989,515
7990,2250
7991,1904
7992,1040
7993,1415
7994,640
7995,1369
7996,765
7997,2531
7998,2312
7999,2704
8000,1546
8001,2332
8002,1340
8003,2660
8004,1529
8005,2648
8006,574
8007,2202
8008,1878
8009,2337
8010,2370
8011,2742
8012,2659
8013,1456
8014,2804
8015,1190
8016,1108
8017,2452
8018,1792
8019,2707
8020,1486
8021,1601
8022,1040
8023,2248
8024,2347
8025,574
8026,2930
8027,1307
8028,1083
8029,1964
8030,1207
8031,1321
8032,2194
8033,2125
8034,1134
8035,838
8036,520
8037,2348
8038,2159
8039,966
8040,2722
8041,750
8042,1818
8043,532
8044,1690
8045,1724
8046,2639
8047,2552
8048,2647
8049,1017
8050,1265
8051,2677
8052,542
8053,2177
8054,1142
8055,1479
8056,2706
8057,913
8058,1208
8059,993
8060,2837
8061,1196
8062,1730
8063,737
8064,2529
8065,900
8066,2996
8067,2129
8068,1020
8069,2815
8070,1866
8071,2352
8072,1445
8073,1043
8074,2627
8075,1168
8076,1989
8077,1953
8078,1167
8079,1220
8080,686
8081,2078
8082,513
8083,1743
8084,2500
8085,2672
8086,1860
8087,1719
8088,952
8089,535
8090,1866
8091,2516
8092,516
8093,2104
8094,2578
8095,2137
8096,888
8097,577
8098,1718
8099,2919
8100,802
8101,2518
8102,1197
8103,1345
8104,2335
8105,2667
8106,2463
8107,836
8108,1862
8109,1867
8110,1487
8111,2489
8112,2889
8113,1095
8114,1795
8115,2305
8116,1927
8117,789
8118,815
8119,2891
8120,2440
8121,2371
8122,1529
8123,2760
8124,2295
8125,643
8126,1388
8127,669
8128,1214
8129,908
8130,2974
8131,2354
8132,1901
8133,704
8134,2739
8135,2076
8136,2418
8137,2903
8138,1916
8139,1975
8140,2742
8141,1719
8142,1358
8143,2354
8144,2781
8145,2360
8146,1459
8147,550
8148,995
8149,1044
8150,670
8151,1839
8152,1075
8153,918
8154,1304
8155,1958
8156,2027
8157,673
8158,1753
8159,1770
8160,809
8161,2236
8162,2233
8163,2062
8164,1098
8165,2647
8166,2424
8167,977
8168,1055
8169,1805
8170,1508
8171,2918
8172,1669
8173,2892
8174,831
8175,2723
8176,692
8177,998
8178,587
8179,741
8180,1028
8181,678
8182,2187
8183,874
8184,650
8185,1697
8186,2556
8187,1359
8188,1571
8189,1065
8190,1532
8191,1081
8192,1846
8193,1183
8194,640
8195,790
8196,1135
8197,1918
8198,2868
8199,2785
8200,1715
8201,872
8202,731
8203,2765
8204,765
8205,675
8206,966
8207,2872
8208,2017
8209,1353
8210,2513
8211,2374
8212,1637
8213,2022
8214,2846
8215,1497
8216,2261
8217,1210
8218,1906
8219,2300
8220,2978
8221,1630
8222,2543
8223,2531
8224,1824
8225,2641
8226,707
8227,2368
8228,919
8229,1562
8230,2151
8231,2229
8232,1458
8233,1212
8234,1847
8235,2079
8236,2360
8237,644
8238,2966
8239,1274
8240,2715
8241,1036
8242,1270
8243,814
8244,880
8245,2935
8246,940
8247,1594
8248,702
8249,952
8250,619
8251,2068
8252,1281
8253,2969
8254,2753
8255,2319
8256,599
8257,507
8258,666
8259,2847
8260,2820
8261,790
8262,1803
8263,1525
8264,1242
8265,956
8266,2397
8267,1563
8268,2322
8269,2797
8270,1769
8271,563
8272,1820
8273,1973
8274,1130
8275,2634
8276,2757
8277,1450
8278,702
8279,2032
8280,2613
8281,1170
8282,2401
8283,2048
8284,2226
8285,850
8286,1546
8287,1383
8288,1431
8289,1236
8290,760
8291,2922
8292,799
8293,1312
8294,1350
8295,1835
8296,1056
8297,2639
8298,651
8299,2795
8300,766
8301,2842
8302,1859
8303,596
8304,2357
8305,1388
8306,2391
8307,1829
8308,676
8309,1888
8310,2568
8311,1878
8312,2464
8313,2861
8314,862
8315,2819
8316,1350
8317,2810
8318,1486
8319,1508
8320,742
8321,1913
8322,1932
8323,2231
8324,2871
8325,2020
8326,932
8327,2937
8328,2398
8329,1333
8330,1581
8331,1900
8332,1236
8333,2589
8334,904
8335,2294
8336,884
8337,1331
8338,2555
8339,1062
8340,2609
8341,698
8342,1511
8343,2913
8344,1509
8345,598
8346,807
8347,742
8348,829
8349,2416
8350,2284
8351,1325
8352,1142
8353,1369
8354,1993
8355,839
8356,1487
8357,1960
8358,1357
8359,1777
8360,2913
8361,1758
8362,2289
8363,961
8364,566
8365,1928
8366,2465
8367,2148
8368,2828
8369,514
8370,1973
8371,2589
8372,1727
8373,747
8374,1909
8375,1428
8376,1017
8377,1613
8378,568
8379,1625
8380,640
8381,2457
8382,2004
8383,2462
8384,1588
8385,1452
8386,745
8387,792
8388,715
8389,525
8390,2335
8391,1671
8392,2573
8393,1305
8394,1338
8395,2258
8396,2417
8397,611
8398,590
8399,974
8400,2712
8401,1837
8402,663
8403,1939
8404,753
8405,2367
8406,957
8407,1830
8408,2713
8409,1479
8410,2317
8411,925
8412,619
8413,2902
8414,976
8415,1875
8416,1556
8417,1420
8418,1597
8419,706
8420,1762
8421,1061
8422,639
8423,1213
8424,964
8425,2984
8426,2635
8427,1638
8428,1631
8429,2792
8430,1772
8431,1829
8432,901
8433,2571
8434,603
8435,1984
8436,759
8437,1780
8438,1626
8439,2409
8440,1212
8441,2395
8442,1792
8443,1307
8444,1710
8445,2412
8446,2510
8447,1251
8448,1699
8449,2573
8450,2100
8451,2962
8452,2043
8453,2219
8454,1559
8455,760
8456,1869
8457,1515
8458,1084
8459,2354
8460,2193
8461,2301
8462,1906
8463,2869
8464,1504
8465,2248
8466,1530
8467,1393
8468,741
8469,1217
8470,2260
8471,795
8472,2230
8473,2712
8474,2826
8475,2480
8476,594
8477,2118
8478,833
8479,1689
8480,513
8481,1744
8482,2647
8483,2841
8484,774
8485,1743
8486,1101
8487,2035
8488,1270
8489,2960
8490,2111
8491,2175
8492,2237
8493,840
8494,765
8495,875
8496,2449
8497,1176
8498,2163
8499,526
8500,1624
8501,2701
8502,697
8503,1433
8504,1011
8505,2745
8506,2231
8507,603
8508,1825
8509,1921
8510,2940
8511,591
8512,1139
8513,1922
8514,623
8515,2329
8516,1695
8517,2965
8518,522
8519,502
8520,878
8521,769
8522,739
8523,2250
8524,1686
8525,1655
8526,2070
8527,2956
8528,2002
8529,2525
8530,868
8531,1588
8532,667
8533,1884
8534,2456
8535,2920
8536,1116
8537,2214
8538,2365
8539,2941
8540,1865
8541,2148
8542,889
8543,2472
8544,1170
8545,2482
8546,1071
8547,2391
8548,806
8549,2735
8550,2279
8551,1556
8552,1569
8553,2761
8554,1677
8555,2507
8556,2990
8557,1442
8558,2109
8559,1204
8560,1891
8561,2002
8562,2951
8563,1787
8564,2658
8565,1683
8566,1769
8567,1668
8568,1469
8569,826
8570,1665
8571,2881
8572,1774
8573,2595
8574,685
8575,2690
8576,1860
8577,872
8578,2239
8579,1420
8580,2035
8581,2701
8582,1052
8583,2714
8584,2076
8585,1039
8586,1172
8587,564
8588,1365
8589,1204
8590,2163
8591,2297
8592,598
8593,2586
8594,2483
8595,971
8596,1797
8597,2270
8598,2752
8599,2870
8600,2473
8601,2179
8602,1199
8603,2959
8604,1677
8605,2339
8606,1017
8607,1673
8608,743
8609,1767
8610,538
8611,507
8612,2276
8613,2433
8614,2205
8615,1880
8616,1299
8617,2872
8618,1724
8619,2786
8620,1314
8621,2908
8622,2986
8623,1304
8624,2132
8625,2147
8626,1818
8627,2657
8628,2844
8629,2970
8630,1969
8631,1158
8632,2551
8633,2301
8634,2344
8635,1202
8636,2976
8637,675
8638,2076
8639,2754
8640,1529
8641,1667
8642,949
8643,869
8644,543
8645,818
8646,2202
8647,684
8648,891
8649,1829
8650,2306
8651,673
8652,1707
8653,2045
8654,2133
8655,811
8656,2294
8657,1614
8658,1373
8659,2371
8660,1597
8661,2296
8662,2715
8663,2957
8664,1846
8665,861
8666,2077
8667,1301
8668,594
8669,1905
8670,2017
8671,1391
8672,1040
8673,2060
8674,1719
8675,1701
8676,1770
8677,2227
8678,2991
8679,1670
8680,1681
8681,629
8682,2062
8683,2303
8684,2235
8685,1896
8686,2906
8687,1915
8688,1118
8689,1280
8690,855
8691,1161
8692,2309
8693,2533
8694,2713
8695,1817
8696,2060
8697,1126
8698,1803
8699,1146
8700,1324
8701,2274
8702,2714
8703,2049
8704,2586
8705,2132
8706,708
8707,949
8708,1486
8709,1203
8710,778
8711,1364
8712,2374
8713,2919
8714,2686
8715,1096
8716,2265
8717,2407
8718,1982
8719,1275
8720,1702
8721,2452
8722,2399
8723,547
8724,923
8725,1937
8726,1814
8727,1537
8728,1326
8729,1900
8730,2313
8731,2325
8732,2571
8733,2389
8734,1202
8735,1950
8736,2069
8737,2118
8738,2072
8739,1428
8740,1085
8741,996
8742,1878
8743,1373
8744,2049
8745,2564
8746,2492
8747,2555
8748,1312
8749,2361
8750,2909
8751,1941
8752,951
8753,1299
8754,1465
8755,1722
8756,1767
8757,2291
8758,1491
8759,1287
8760,2103
